gene,locus_tag,codon_idx,genome_pos,design_codon,final_codon,design_aa,final_aa,is_synonymous,is_reversion,hamming,crosses_boundary,changes_components,local_mismatch_design,local_mismatch_final,delta_local
mog,ECMDS42_0009,1,9308,AAT,AAC,Asn,Asn,True,False,1,False,False,296.0,296.0,0.0
mog,ECMDS42_0009,4,9317,CGT,CGC,Arg,Arg,True,False,1,False,False,421.0,421.0,0.0
mog,ECMDS42_0009,5,9320,ATT,ATA,Ile,Ile,True,False,2,False,False,275.0,230.0,-45.0
rpsT,ECMDS42_0016,0,15900,TTG,ATG,Leu,Met,False,False,2,,True,260.0,228.0,-32.0
ileS,ECMDS42_0019,2,17221,GAC,GAT,Asp,Asp,True,False,1,False,False,448.0,448.0,0.0
ileS,ECMDS42_0019,3,17224,TAT,TAC,Tyr,Tyr,True,False,1,False,False,796.0,796.0,0.0
ileS,ECMDS42_0019,6,17233,ACC,ACT,Thr,Thr,True,False,1,False,False,250.0,250.0,0.0
ileS,ECMDS42_0019,7,17236,CTG,CTA,Leu,Leu,True,False,1,False,False,215.0,205.0,-10.0
ileS,ECMDS42_0019,40,17335,ATC,ATA,Ile,Ile,True,False,1,False,False,265.0,230.0,-35.0
hemL,ECMDS42_0141,5,164244,AAT,AAC,Asn,Asn,True,False,1,False,False,296.0,296.0,0.0
hemL,ECMDS42_0141,6,164241,CTT,CTA,Leu,Leu,True,False,2,False,False,227.0,205.0,-22.0
hemL,ECMDS42_0141,7,164238,TAC,TAT,Tyr,Tyr,True,False,1,False,False,796.0,796.0,0.0
rpsB,ECMDS42_0156,4,179265,AGC,AGT,Ser,Ser,True,False,1,False,False,464.0,464.0,0.0
tsf,ECMDS42_0157,5,180251,GCT,GCC,Ala,Ala,True,False,1,False,False,347.0,347.0,0.0
dxr,ECMDS42_0160,239,183617,AAC,AAT,Asn,Asn,True,False,1,False,False,296.0,296.0,0.0
ispU,ECMDS42_0161,234,184984,GCC,GCT,Ala,Ala,True,False,1,False,False,347.0,347.0,0.0
ispU,ECMDS42_0161,236,184990,GCT,GCC,Ala,Ala,True,False,1,False,False,347.0,347.0,0.0
cdsA,ECMDS42_0162,0,185056,TTG,ATG,Leu,Met,False,False,2,,True,260.0,228.0,-32.0
cdsA,ECMDS42_0162,2,185062,AAG,AAA,Lys,Lys,True,False,1,False,False,307.0,307.0,0.0
cdsA,ECMDS42_0162,4,185068,CGC,CGT,Arg,Arg,True,False,1,False,False,421.0,421.0,0.0
cdsA,ECMDS42_0162,5,185071,CTG,CTC,Leu,Leu,True,False,2,False,False,215.0,227.0,12.0
cdsA,ECMDS42_0162,6,185074,ATA,ATC,Ile,Ile,True,False,1,False,False,230.0,265.0,35.0
yaeL,ECMDS42_0163,446,187263,TTC,CTC,Phe,Leu,False,False,1,,False,454.0,227.0,-227.0
yaeT,ECMDS42_0164,1,187310,GCT,GCC,Ala,Ala,True,False,1,False,False,347.0,347.0,0.0
yaeT,ECMDS42_0164,8,187331,GCT,GCC,Ala,Ala,True,False,1,False,False,347.0,347.0,0.0
yaeT,ECMDS42_0164,9,187334,AGC,AGT,Ser,Ser,True,False,1,False,False,464.0,464.0,0.0
lpxD,ECMDS42_0166,9,190377,GCT,GCC,Ala,Ala,True,False,1,False,False,347.0,347.0,0.0
fadE,ECMDS42_0210,74,232520,GGT,AGT,Gly,Ser,False,False,1,,False,418.0,464.0,46.0
sbcD,ECMDS42_0297,262,324729,GGC,GGG,Gly,Gly,True,False,2,False,False,418.0,516.0,98.0
clpP,ECMDS42_0336,3,365348,AGC,AGT,Ser,Ser,True,False,1,False,False,464.0,464.0,0.0
clpP,ECMDS42_0336,4,365351,GGC,GGA,Gly,Gly,True,False,1,False,False,418.0,547.0,129.0
clpP,ECMDS42_0336,6,365357,CGA,CGG,Arg,Arg,True,False,1,False,False,360.0,246.0,-114.0
clpP,ECMDS42_0336,7,365360,GAT,GAC,Asp,Asp,True,False,1,False,False,448.0,448.0,0.0
clpP,ECMDS42_0336,167,365840,GCT,ACC,Ala,Thr,False,False,2,,False,347.0,250.0,-97.0
clpX,ECMDS42_0337,1,366091,ACA,ACT,Thr,Thr,True,False,2,False,False,263.0,250.0,-13.0
clpX,ECMDS42_0337,4,366100,CGC,CGG,Arg,Arg,True,False,2,False,False,421.0,246.0,-175.0
clpX,ECMDS42_0337,7,366109,GGC,GGG,Gly,Gly,True,False,2,False,False,418.0,516.0,98.0
ybbK,ECMDS42_0388,301,423562,CGG,ACG,Arg,Thr,False,False,3,,True,246.0,255.0,9.0
ybbK,ECMDS42_0388,302,423559,ACT,GAC,Thr,Asp,False,False,3,,True,250.0,448.0,198.0
ybbK,ECMDS42_0388,303,423556,CAG,TCA,Gln,Ser,False,True,3,,True,411.0,533.0,122.0
ybbK,ECMDS42_0388,304,423553,CCA,GCC,Pro,Ala,False,False,3,,True,286.0,347.0,61.0
ybbK,ECMDS42_0388,305,423550,TGA,ATG,Stop,Met,False,False,4,,True,1075.0,228.0,-847.0
cydA,ECMDS42_0582,3,635476,ATA,ATC,Ile,Ile,True,False,1,False,False,230.0,265.0,35.0
cydA,ECMDS42_0582,4,635479,GTC,GTA,Val,Val,True,False,1,False,False,252.0,234.0,-18.0
trxB,ECMDS42_0740,10,796125,ATC,ACC,Ile,Thr,False,False,1,,True,265.0,250.0,-15.0
torA,ECMDS42_0842,660,917109,ATG,ATA,Met,Ile,False,False,1,,True,228.0,230.0,2.0
lpxL,ECMDS42_0888,1,961225,ACG,ACT,Thr,Thr,True,False,1,False,False,255.0,250.0,-5.0
lpxL,ECMDS42_0888,3,961219,CTA,CTG,Leu,Leu,True,False,1,False,False,205.0,215.0,10.0
lpxL,ECMDS42_0888,4,961216,CCC,CCG,Pro,Pro,True,False,2,False,False,287.0,286.0,-1.0
fabH,ECMDS42_0912,1,981819,TAT,TAC,Tyr,Tyr,True,False,1,False,False,796.0,796.0,0.0
fabH,ECMDS42_0912,2,981822,ACG,ACC,Thr,Thr,True,False,2,False,False,255.0,250.0,-5.0
fabH,ECMDS42_0912,4,981828,ATT,ATC,Ile,Ile,True,False,1,False,False,275.0,265.0,-10.0
fabH,ECMDS42_0912,5,981831,ATT,ATC,Ile,Ile,True,False,1,False,False,275.0,265.0,-10.0
fabH,ECMDS42_0912,6,981834,GGT,GGA,Gly,Gly,True,False,2,False,False,418.0,547.0,129.0
fabH,ECMDS42_0912,7,981837,ACT,ACA,Thr,Thr,True,False,2,False,False,250.0,263.0,13.0
acpP,ECMDS42_0915,1,984675,AGC,AGT,Ser,Ser,True,False,1,False,False,464.0,464.0,0.0
acpP,ECMDS42_0915,2,984678,ACT,ACA,Thr,Thr,True,False,2,False,False,250.0,263.0,13.0
acpP,ECMDS42_0915,3,984681,ATC,ATA,Ile,Ile,True,False,1,False,False,265.0,230.0,-35.0
acpP,ECMDS42_0915,4,984684,GAA,GAG,Glu,Glu,True,False,1,False,False,521.0,521.0,0.0
acpP,ECMDS42_0915,5,984687,GAA,GAG,Glu,Glu,True,False,1,False,False,521.0,521.0,0.0
acpP,ECMDS42_0915,6,984690,CGC,CGT,Arg,Arg,True,False,1,False,False,421.0,421.0,0.0
acpP,ECMDS42_0915,7,984693,GTT,GTG,Val,Val,True,False,1,False,False,252.0,226.0,-26.0
phoQ,ECMDS42_0950,211,1022306,GTC,ATC,Val,Ile,False,False,1,,False,252.0,265.0,13.0
prsA,ECMDS42_0994,0,1069223,GTG,ATG,Val,Met,False,False,1,,False,226.0,228.0,2.0
prsA,ECMDS42_0994,1,1069220,CCT,CCC,Pro,Pro,True,False,1,False,False,287.0,287.0,0.0
prsA,ECMDS42_0994,4,1069211,AAG,AAA,Lys,Lys,True,False,1,False,False,307.0,307.0,0.0
prsA,ECMDS42_0994,5,1069208,CTT,CTA,Leu,Leu,True,False,2,False,False,227.0,205.0,-22.0
prsA,ECMDS42_0994,7,1069202,GCT,GCC,Ala,Ala,True,False,1,False,False,347.0,347.0,0.0
prfA,ECMDS42_0998,1,1072365,AAG,AAA,Lys,Lys,True,False,1,False,False,307.0,307.0,0.0
prfA,ECMDS42_0998,2,1072368,CCT,CCC,Pro,Pro,True,False,1,False,False,287.0,287.0,0.0
prfA,ECMDS42_0998,4,1072374,ATC,ATT,Ile,Ile,True,False,1,False,False,265.0,275.0,10.0
prfA,ECMDS42_0998,5,1072377,GTT,GTC,Val,Val,True,False,1,False,False,252.0,252.0,0.0
prfA,ECMDS42_0998,7,1072383,AAA,AAG,Lys,Lys,True,False,1,False,False,307.0,307.0,0.0
adhE,ECMDS42_1036,145,1105034,ACC,GCC,Thr,Ala,False,False,1,,False,250.0,347.0,97.0
fabI,ECMDS42_1086,5,1157173,GGT,AGT,Gly,Ser,False,False,1,,False,418.0,464.0,46.0
clcB,ECMDS42_1262,166,1349686,AGT,GGT,Ser,Gly,False,False,1,,False,464.0,418.0,-46.0
pdxH,ECMDS42_1309,1,1401961,AGC,AGT,Ser,Ser,True,False,1,False,False,464.0,464.0,0.0
gloA,ECMDS42_1322,15,1411841,AGC,AGT,Ser,Ser,True,False,1,False,False,464.0,464.0,0.0
rnt,ECMDS42_1323,1,1412309,AGC,AGT,Ser,Ser,True,False,1,False,False,464.0,464.0,0.0
sufB,ECMDS42_1354,132,1447570,CCC,CCT,Pro,Pro,True,False,1,False,False,287.0,287.0,0.0
ydiJ,ECMDS42_1359,902,1449936,CAG,CGG,Gln,Arg,False,False,1,,False,411.0,246.0,-165.0
ydiS,ECMDS42_1372,299,1466251,GTT,GCT,Val,Ala,False,False,1,,False,252.0,347.0,95.0
ydiU,ECMDS42_1379,475,1473776,TGC,TGT,Cys,Cys,True,False,1,False,False,953.0,953.0,0.0
rplT,ECMDS42_1389,5,1483691,CGT,CGG,Arg,Arg,True,False,1,False,False,421.0,246.0,-175.0
rplT,ECMDS42_1389,9,1483679,GCT,GCC,Ala,Ala,True,False,1,False,False,347.0,347.0,0.0
infC,ECMDS42_1391,135,1484190,GCT,GCC,Ala,Ala,True,False,1,False,False,347.0,347.0,0.0
infC,ECMDS42_1391,155,1484130,GCT,GCC,Ala,Ala,True,False,1,False,False,347.0,347.0,0.0
ynjB,ECMDS42_1429,128,1520515,ACA,AGA,Thr,Arg,False,False,2,,True,263.0,358.0,95.0
sppA,ECMDS42_1441,46,1533121,GGT,GAT,Gly,Asp,False,False,1,,False,418.0,448.0,30.0
manX,ECMDS42_1491,181,1585382,TGG,TGA,Trp,Stop,False,False,1,,True,991.0,1075.0,84.0
vsr,ECMDS42_1586,28,1670468,GCC,GTC,Ala,Val,False,False,1,,False,347.0,252.0,-95.0
cobT,ECMDS42_1619,198,1703551,GTG,GCG,Val,Ala,False,True,1,,False,226.0,328.0,102.0
mglA,ECMDS42_1718,274,1815748,CGC,CAC,Arg,His,False,False,1,,False,421.0,281.0,-140.0
napH,ECMDS42_1771,24,1873161,CTG,TTG,Leu,Leu,True,False,1,False,False,215.0,260.0,45.0
yfdV,ECMDS42_1929,155,2053943,GCT,ACT,Ala,Thr,False,False,1,,False,347.0,250.0,-97.0
yfeH,ECMDS42_1960,313,2083793,TAC,TGC,Tyr,Cys,False,False,1,,False,796.0,953.0,157.0
ligA,ECMDS42_1962,3,2086073,ATC,ATT,Ile,Ile,True,False,1,False,False,265.0,275.0,10.0
ligA,ECMDS42_1962,7,2086061,CTG,CTT,Leu,Leu,True,False,1,False,False,215.0,227.0,12.0
zipA,ECMDS42_1963,2,2087133,CAG,CAA,Gln,Gln,True,False,1,False,False,411.0,411.0,0.0
zipA,ECMDS42_1963,3,2087130,GAT,GAC,Asp,Asp,True,False,1,False,False,448.0,448.0,0.0
zipA,ECMDS42_1963,6,2087121,CTG,CTT,Leu,Leu,True,False,1,False,False,215.0,227.0,12.0
zipA,ECMDS42_1963,7,2087118,ATA,ATC,Ile,Ile,True,False,1,False,False,230.0,265.0,35.0
hda,ECMDS42_2039,0,2168051,GTG,ATG,Val,Met,False,False,1,,False,226.0,228.0,2.0
hda,ECMDS42_2039,1,2168048,GTA,GTT,Val,Val,True,False,2,False,False,234.0,252.0,18.0
hda,ECMDS42_2039,3,2168042,TTC,TTT,Phe,Phe,True,False,1,False,False,454.0,454.0,0.0
hda,ECMDS42_2039,5,2168036,CGA,CGT,Arg,Arg,True,False,2,False,False,360.0,421.0,61.0
hda,ECMDS42_2039,6,2168033,TTT,TTC,Phe,Phe,True,False,1,False,False,454.0,454.0,0.0
hda,ECMDS42_2039,7,2168030,TGT,TGC,Cys,Cys,True,False,1,False,False,953.0,953.0,0.0
der,ECMDS42_2054,1,2186583,GTA,GTC,Val,Val,True,False,1,False,False,234.0,252.0,18.0
der,ECMDS42_2054,2,2186580,CCT,CCC,Pro,Pro,True,False,1,False,False,287.0,287.0,0.0
der,ECMDS42_2054,3,2186577,GTG,GTA,Val,Val,True,False,1,False,False,226.0,234.0,8.0
der,ECMDS42_2054,5,2186571,GCT,GCC,Ala,Ala,True,False,1,False,False,347.0,347.0,0.0
der,ECMDS42_2054,6,2186568,CTT,CTC,Leu,Leu,True,False,1,False,False,227.0,227.0,0.0
der,ECMDS42_2054,7,2186565,GTC,GTA,Val,Val,True,False,1,False,False,252.0,234.0,-18.0
iscA,ECMDS42_2072,94,2208834,GTC,ATC,Val,Ile,False,False,1,,False,252.0,265.0,13.0
yfhK,ECMDS42_2100,250,2239587,CAT,CAC,His,His,True,False,1,False,False,281.0,281.0,0.0
cysH,ECMDS42_2267,32,2402648,GCT,ACT,Ala,Thr,False,False,1,,False,347.0,250.0,-97.0
yqeK,ECMDS42_2357,69,2504722,AGT,GGT,Ser,Gly,False,False,1,,False,464.0,418.0,-46.0
ubiH,ECMDS42_2406,1,2564251,AGC,AGT,Ser,Ser,True,False,1,False,False,464.0,464.0,0.0
ubiH,ECMDS42_2406,2,2564248,GTA,GTC,Val,Val,True,False,1,False,False,234.0,252.0,18.0
ubiH,ECMDS42_2406,5,2564239,GTC,GTG,Val,Val,True,False,2,False,False,252.0,226.0,-26.0
ubiH,ECMDS42_2406,6,2564236,GGT,GGG,Gly,Gly,True,False,1,False,False,418.0,516.0,98.0
ubiH,ECMDS42_2406,7,2564233,GGC,GGG,Gly,Gly,True,False,2,False,False,418.0,516.0,98.0
ubiH,ECMDS42_2406,385,2563099,ACC,GCC,Thr,Ala,False,False,1,,False,250.0,347.0,97.0
pepP,ECMDS42_2407,1,2565573,AGT,AGC,Ser,Ser,True,False,1,False,False,464.0,464.0,0.0
pepP,ECMDS42_2407,2,2565570,GAG,GAA,Glu,Glu,True,False,1,False,False,521.0,521.0,0.0
pepP,ECMDS42_2407,5,2565561,CGG,CGC,Arg,Arg,True,False,2,False,False,246.0,421.0,175.0
pepP,ECMDS42_2407,7,2565555,GAG,GAA,Glu,Glu,True,False,1,False,False,521.0,521.0,0.0
ygfG,ECMDS42_2419,214,2575373,GTA,GTG,Val,Val,True,False,1,False,False,234.0,226.0,-8.0
yhdN,ECMDS42_2755,9,2911905,CGC,CGT,Arg,Arg,True,False,1,False,False,421.0,421.0,0.0
rplQ,ECMDS42_2756,1,2912419,CGC,CGA,Arg,Arg,True,False,1,False,False,421.0,360.0,-61.0
rplQ,ECMDS42_2756,5,2912407,AGT,AGC,Ser,Ser,True,False,1,False,False,464.0,464.0,0.0
rplQ,ECMDS42_2756,6,2912404,GGT,GGA,Gly,Gly,True,False,2,False,False,418.0,547.0,129.0
rpoA,ECMDS42_2757,1,2913449,CAG,CAA,Gln,Gln,True,False,1,False,False,411.0,411.0,0.0
rpoA,ECMDS42_2757,3,2913443,AGC,AGT,Ser,Ser,True,False,1,False,False,464.0,464.0,0.0
rpoA,ECMDS42_2757,5,2913437,ACA,ACC,Thr,Thr,True,False,1,False,False,263.0,250.0,-13.0
rpoA,ECMDS42_2757,40,2913332,AAC,GAC,Asn,Asp,False,False,1,,False,296.0,448.0,152.0
rpoA,ECMDS42_2757,308,2912528,AGC,AGT,Ser,Ser,True,False,1,False,False,464.0,464.0,0.0
rpsD,ECMDS42_2758,3,2914089,TAT,TAC,Tyr,Tyr,True,False,1,False,False,796.0,796.0,0.0
rpsD,ECMDS42_2758,4,2914086,TTG,TTA,Leu,Leu,True,False,1,False,False,260.0,414.0,154.0
rpsD,ECMDS42_2758,28,2914014,GAT,AAT,Asp,Asn,False,False,1,,False,448.0,296.0,-152.0
rpsD,ECMDS42_2758,204,2913486,AGC,AGT,Ser,Ser,True,False,1,False,False,464.0,464.0,0.0
rpsM,ECMDS42_2760,2,2914888,CGT,CGA,Arg,Arg,True,False,2,False,False,421.0,360.0,-61.0
rpsM,ECMDS42_2760,5,2914879,GGC,GGA,Gly,Gly,True,False,1,False,False,418.0,547.0,129.0
rpsM,ECMDS42_2760,7,2914873,AAC,AAT,Asn,Asn,True,False,1,False,False,296.0,296.0,0.0
rpmJ,ECMDS42_2761,5,2915142,AGC,AGT,Ser,Ser,True,False,1,False,False,464.0,464.0,0.0
secY,ECMDS42_2762,1,2916517,GCT,GCC,Ala,Ala,True,False,1,False,False,347.0,347.0,0.0
secY,ECMDS42_2762,4,2916508,CCG,CCT,Pro,Pro,True,False,1,False,False,286.0,287.0,1.0
secY,ECMDS42_2762,7,2916499,GAT,GAC,Asp,Asp,True,False,1,False,False,448.0,448.0,0.0
secY,ECMDS42_2762,280,2915680,AGC,AGT,Ser,Ser,True,False,1,False,False,464.0,464.0,0.0
secY,ECMDS42_2762,348,2915476,AGC,AGT,Ser,Ser,True,False,1,False,False,464.0,464.0,0.0
secY,ECMDS42_2762,412,2915284,ATT,ATC,Ile,Ile,True,False,1,False,False,275.0,265.0,-10.0
secY,ECMDS42_2762,425,2915245,AGC,AGT,Ser,Ser,True,False,1,False,False,464.0,464.0,0.0
rplO,ECMDS42_2763,1,2916959,CGT,CGG,Arg,Arg,True,False,1,False,False,421.0,246.0,-175.0
rplO,ECMDS42_2763,2,2916956,TTA,TTG,Leu,Leu,True,False,1,False,False,414.0,260.0,-154.0
rplO,ECMDS42_2763,3,2916953,AAT,AAC,Asn,Asn,True,False,1,False,False,296.0,296.0,0.0
rplO,ECMDS42_2763,5,2916947,CTG,CTA,Leu,Leu,True,False,1,False,False,215.0,205.0,-10.0
rplO,ECMDS42_2763,6,2916944,AGC,AGT,Ser,Ser,True,False,1,False,False,464.0,464.0,0.0
rplO,ECMDS42_2763,14,2916920,GCT,GAT,Ala,Asp,False,False,1,,False,347.0,448.0,101.0
rpmD,ECMDS42_2764,6,2917127,ATT,ATA,Ile,Ile,True,False,2,False,False,275.0,230.0,-45.0
rpmD,ECMDS42_2764,7,2917124,ACT,ACC,Thr,Thr,True,False,1,False,False,250.0,250.0,0.0
rpmD,ECMDS42_2764,12,2917109,GCT,GCC,Ala,Ala,True,False,1,False,False,347.0,347.0,0.0
rpsE,ECMDS42_2765,1,2917649,GCT,GCC,Ala,Ala,True,False,1,False,False,347.0,347.0,0.0
rpsE,ECMDS42_2765,2,2917646,CAC,CAT,His,His,True,False,1,False,False,281.0,281.0,0.0
rpsE,ECMDS42_2765,16,2917604,GCT,GCC,Ala,Ala,True,False,1,False,False,347.0,347.0,0.0
rpsE,ECMDS42_2765,31,2917559,AGC,AGT,Ser,Ser,True,False,1,False,False,464.0,464.0,0.0
rpsE,ECMDS42_2765,99,2917355,AGC,AGT,Ser,Ser,True,False,1,False,False,464.0,464.0,0.0
rpsE,ECMDS42_2765,129,2917265,AGC,AGT,Ser,Ser,True,False,1,False,False,464.0,464.0,0.0
rplF,ECMDS42_2767,2,2918557,CGT,CGA,Arg,Arg,True,False,2,False,False,421.0,360.0,-61.0
rplF,ECMDS42_2767,7,2918542,CCG,CCC,Pro,Pro,True,False,2,False,False,286.0,287.0,1.0
rplF,ECMDS42_2767,165,2918068,GAC,TAC,Asp,Tyr,False,False,1,,False,448.0,796.0,348.0
rpsH,ECMDS42_2768,4,2918956,GAT,GAC,Asp,Asp,True,False,1,False,False,448.0,448.0,0.0
rpsH,ECMDS42_2768,5,2918953,CCG,CCC,Pro,Pro,True,False,2,False,False,286.0,287.0,1.0
rpsH,ECMDS42_2768,6,2918950,ATC,ATT,Ile,Ile,True,False,1,False,False,265.0,275.0,10.0
rpsH,ECMDS42_2768,7,2918947,GCT,GCC,Ala,Ala,True,False,1,False,False,347.0,347.0,0.0
rpsH,ECMDS42_2768,28,2918884,AGC,AGT,Ser,Ser,True,False,1,False,False,464.0,464.0,0.0
rpsH,ECMDS42_2768,29,2918881,AGC,AGT,Ser,Ser,True,False,1,False,False,464.0,464.0,0.0
rpsH,ECMDS42_2768,94,2918686,GTT,GTC,Val,Val,True,False,1,False,False,252.0,252.0,0.0
rpsN,ECMDS42_2769,2,2919301,AAG,AAA,Lys,Lys,True,False,1,False,False,307.0,307.0,0.0
rpsN,ECMDS42_2769,4,2919295,AGT,AGC,Ser,Ser,True,False,1,False,False,464.0,464.0,0.0
rpsN,ECMDS42_2769,6,2919289,AAA,AAG,Lys,Lys,True,False,1,False,False,307.0,307.0,0.0
rpsN,ECMDS42_2769,36,2919199,AGC,AGT,Ser,Ser,True,False,1,False,False,464.0,464.0,0.0
rpsN,ECMDS42_2769,54,2919145,AGC,AGT,Ser,Ser,True,False,1,False,False,464.0,464.0,0.0
rplX,ECMDS42_2771,1,2920187,GCT,GCC,Ala,Ala,True,False,1,False,False,347.0,347.0,0.0
rplX,ECMDS42_2771,4,2920178,ATC,ATT,Ile,Ile,True,False,1,False,False,265.0,275.0,10.0
rplX,ECMDS42_2771,5,2920175,CGT,CGC,Arg,Arg,True,False,1,False,False,421.0,421.0,0.0
rplX,ECMDS42_2771,30,2920100,AGC,AGT,Ser,Ser,True,False,1,False,False,464.0,464.0,0.0
rplX,ECMDS42_2771,67,2919989,AGC,AGT,Ser,Ser,True,False,1,False,False,464.0,464.0,0.0
rplX,ECMDS42_2771,95,2919905,TTC,TTT,Phe,Phe,True,False,1,False,False,454.0,454.0,0.0
rplN,ECMDS42_2772,1,2920569,ATC,ATT,Ile,Ile,True,False,1,False,False,265.0,275.0,10.0
rplN,ECMDS42_2772,2,2920566,CAA,CAG,Gln,Gln,True,False,1,False,False,411.0,411.0,0.0
rplN,ECMDS42_2772,3,2920563,GAA,GAG,Glu,Glu,True,False,1,False,False,521.0,521.0,0.0
rplN,ECMDS42_2772,5,2920557,ACT,ACG,Thr,Thr,True,False,1,False,False,250.0,255.0,5.0
rplN,ECMDS42_2772,13,2920533,AGC,AGT,Ser,Ser,True,False,1,False,False,464.0,464.0,0.0
rplN,ECMDS42_2772,15,2920527,GCT,GCC,Ala,Ala,True,False,1,False,False,347.0,347.0,0.0
rplN,ECMDS42_2772,118,2920218,GCT,GCC,Ala,Ala,True,False,1,False,False,347.0,347.0,0.0
rpsQ,ECMDS42_2773,1,2920988,ACC,ACT,Thr,Thr,True,False,1,False,False,250.0,250.0,0.0
rpsQ,ECMDS42_2773,3,2920982,AAA,AAG,Lys,Lys,True,False,1,False,False,307.0,307.0,0.0
rpsQ,ECMDS42_2773,5,2920976,CGT,CGG,Arg,Arg,True,False,1,False,False,421.0,246.0,-175.0
rpsQ,ECMDS42_2773,7,2920970,CTG,CTT,Leu,Leu,True,False,1,False,False,215.0,227.0,12.0
rpsQ,ECMDS42_2773,19,2920934,AGC,AGT,Ser,Ser,True,False,1,False,False,464.0,464.0,0.0
rpsQ,ECMDS42_2773,67,2920790,AGC,AGT,Ser,Ser,True,False,1,False,False,464.0,464.0,0.0
rpsQ,ECMDS42_2773,69,2920784,ACT,GCT,Thr,Ala,False,False,1,,False,250.0,347.0,97.0
rpsQ,ECMDS42_2773,71,2920778,AGC,AGT,Ser,Ser,True,False,1,False,False,464.0,464.0,0.0
rpmC,ECMDS42_2774,5,2921167,CTG,CTT,Leu,Leu,True,False,1,False,False,215.0,227.0,12.0
rpmC,ECMDS42_2774,6,2921164,CGT,CGA,Arg,Arg,True,False,2,False,False,421.0,360.0,-61.0
rpmC,ECMDS42_2774,7,2921161,GAG,GAA,Glu,Glu,True,False,1,False,False,521.0,521.0,0.0
rpsC,ECMDS42_2776,2,2922300,CAG,CAA,Gln,Gln,True,False,1,False,False,411.0,411.0,0.0
rpsC,ECMDS42_2776,3,2922297,AAA,AAG,Lys,Lys,True,False,1,False,False,307.0,307.0,0.0
rpsC,ECMDS42_2776,4,2922294,GTA,GTT,Val,Val,True,False,2,False,False,234.0,252.0,18.0
rpsC,ECMDS42_2776,33,2922207,GAC,GGC,Asp,Gly,False,False,1,,False,448.0,418.0,-30.0
rpsC,ECMDS42_2776,50,2922156,AGC,AGT,Ser,Ser,True,False,1,False,False,464.0,464.0,0.0
rpsC,ECMDS42_2776,100,2922006,ATC,CTC,Ile,Leu,False,False,1,,True,265.0,227.0,-38.0
rplV,ECMDS42_2777,1,2922653,GAA,GAG,Glu,Glu,True,False,1,False,False,521.0,521.0,0.0
rplV,ECMDS42_2777,3,2922647,ATC,ATA,Ile,Ile,True,False,1,False,False,265.0,230.0,-35.0
rplV,ECMDS42_2777,6,2922638,CAT,CAC,His,His,True,False,1,False,False,281.0,281.0,0.0
rplV,ECMDS42_2777,7,2922635,CGC,CGT,Arg,Arg,True,False,1,False,False,421.0,421.0,0.0
rplV,ECMDS42_2777,97,2922365,AAG,AGG,Lys,Arg,False,False,1,,False,307.0,352.0,45.0
rplV,ECMDS42_2777,98,2922362,CGC,CAC,Arg,His,False,False,1,,False,421.0,281.0,-140.0
rpsS,ECMDS42_2778,3,2922940,AGC,AGT,Ser,Ser,True,False,1,False,False,464.0,464.0,0.0
rpsS,ECMDS42_2778,4,2922937,CTC,CTT,Leu,Leu,True,False,1,False,False,227.0,227.0,0.0
rpsS,ECMDS42_2778,5,2922934,AAG,AAA,Lys,Lys,True,False,1,False,False,307.0,307.0,0.0
rpsS,ECMDS42_2778,6,2922931,AAA,AAG,Lys,Lys,True,False,1,False,False,307.0,307.0,0.0
rpsS,ECMDS42_2778,43,2922820,ATG,ACG,Met,Thr,False,False,1,,True,228.0,255.0,27.0
rpsS,ECMDS42_2778,74,2922727,GCT,GCC,Ala,Ala,True,False,1,False,False,347.0,347.0,0.0
rplW,ECMDS42_2780,2,2924101,CGT,CGG,Arg,Arg,True,False,1,False,False,421.0,246.0,-175.0
rplW,ECMDS42_2780,5,2924092,CGT,CGC,Arg,Arg,True,False,1,False,False,421.0,421.0,0.0
rplW,ECMDS42_2780,6,2924089,CTG,CTC,Leu,Leu,True,False,2,False,False,215.0,227.0,12.0
rplW,ECMDS42_2780,7,2924086,CTG,CTT,Leu,Leu,True,False,1,False,False,215.0,227.0,12.0
rplW,ECMDS42_2780,12,2924071,GCT,GCC,Ala,Ala,True,False,1,False,False,347.0,347.0,0.0
rplW,ECMDS42_2780,40,2923987,GCT,GCC,Ala,Ala,True,False,1,False,False,347.0,347.0,0.0
rplW,ECMDS42_2780,81,2923864,AAA,AAG,Lys,Lys,True,False,1,False,False,307.0,307.0,0.0
rplD,ECMDS42_2781,6,2924720,GAC,GAT,Asp,Asp,True,False,1,False,False,448.0,448.0,0.0
rplD,ECMDS42_2781,13,2924699,GTT,GCT,Val,Ala,False,False,1,,False,252.0,347.0,95.0
rplD,ECMDS42_2781,19,2924681,GGT,GGC,Gly,Gly,True,False,1,False,False,418.0,418.0,0.0
rplD,ECMDS42_2781,54,2924576,AGC,AGT,Ser,Ser,True,False,1,False,False,464.0,464.0,0.0
rplD,ECMDS42_2781,109,2924411,AGC,AGT,Ser,Ser,True,False,1,False,False,464.0,464.0,0.0
rplD,ECMDS42_2781,200,2924138,GCT,AAA,Ala,Lys,False,False,4,,True,347.0,307.0,-40.0
rplC,ECMDS42_2782,1,2925375,ATT,ATA,Ile,Ile,True,False,2,False,False,275.0,230.0,-45.0
rplC,ECMDS42_2782,2,2925372,GGT,GGA,Gly,Gly,True,False,2,False,False,418.0,547.0,129.0
rplC,ECMDS42_2782,4,2925366,GTC,GTG,Val,Val,True,False,2,False,False,252.0,226.0,-26.0
rplC,ECMDS42_2782,5,2925363,GGT,GGA,Gly,Gly,True,False,2,False,False,418.0,547.0,129.0
rplC,ECMDS42_2782,136,2924970,AGC,AGT,Ser,Ser,True,False,1,False,False,464.0,464.0,0.0
rplC,ECMDS42_2782,207,2924757,AAG,AGG,Lys,Arg,False,False,1,,False,307.0,352.0,45.0
rpsJ,ECMDS42_2783,2,2925716,AAC,AAT,Asn,Asn,True,False,1,False,False,296.0,296.0,0.0
rpsJ,ECMDS42_2783,4,2925710,AGA,AGG,Arg,Arg,True,False,1,False,False,358.0,352.0,-6.0
rpsJ,ECMDS42_2783,5,2925707,ATC,ATA,Ile,Ile,True,False,1,False,False,265.0,230.0,-35.0
rpsJ,ECMDS42_2783,6,2925704,CGT,CGA,Arg,Arg,True,False,2,False,False,421.0,360.0,-61.0
rpsJ,ECMDS42_2783,7,2925701,ATC,ATA,Ile,Ile,True,False,1,False,False,265.0,230.0,-35.0
rpsJ,ECMDS42_2783,53,2925563,AGC,AGT,Ser,Ser,True,False,1,False,False,464.0,464.0,0.0
pioO,ECMDS42_2784,20,2926319,AGC,AGT,Ser,Ser,True,False,1,False,False,464.0,464.0,0.0
pioO,ECMDS42_2784,91,2926106,AGC,AGT,Ser,Ser,True,False,1,False,False,464.0,464.0,0.0
rpsG,ECMDS42_2787,114,2930265,AGC,AGT,Ser,Ser,True,False,1,False,False,464.0,464.0,0.0
rpsG,ECMDS42_2787,133,2930208,GCT,GCC,Ala,Ala,True,False,1,False,False,347.0,347.0,0.0
rpsG,ECMDS42_2787,140,2930187,GTT,TTT,Val,Phe,False,False,1,,False,252.0,454.0,202.0
rpsG,ECMDS42_2787,157,2930136,AGC,AGT,Ser,Ser,True,False,1,False,False,464.0,464.0,0.0
rpsG,ECMDS42_2787,168,2930103,AGC,AGT,Ser,Ser,True,False,1,False,False,464.0,464.0,0.0
rpsL,ECMDS42_2788,1,2931075,GCT,GCC,Ala,Ala,True,False,1,False,False,347.0,347.0,0.0
rpsL,ECMDS42_2788,3,2931069,GTT,GTC,Val,Val,True,False,1,False,False,252.0,252.0,0.0
rpsL,ECMDS42_2788,5,2931063,CAG,CAA,Gln,Gln,True,False,1,False,False,411.0,411.0,0.0
rpsL,ECMDS42_2788,6,2931060,CTG,CTA,Leu,Leu,True,False,1,False,False,215.0,205.0,-10.0
rpsL,ECMDS42_2788,7,2931057,GTA,GTT,Val,Val,True,False,2,False,False,234.0,252.0,18.0
rpsL,ECMDS42_2788,46,2930940,AGC,AGT,Ser,Ser,True,False,1,False,False,464.0,464.0,0.0
rpsL,ECMDS42_2788,64,2930886,AGC,AGT,Ser,Ser,True,False,1,False,False,464.0,464.0,0.0
rpsL,ECMDS42_2788,77,2930847,AGC,AGT,Ser,Ser,True,False,1,False,False,464.0,464.0,0.0
rpsL,ECMDS42_2788,104,2930766,AGC,AGT,Ser,Ser,True,False,1,False,False,464.0,464.0,0.0
rpsL,ECMDS42_2788,114,2930736,AGC,AGT,Ser,Ser,True,False,1,False,False,464.0,464.0,0.0
yheL,ECMDS42_2789,83,2931242,AGA,AGG,Arg,Arg,True,False,1,False,False,358.0,352.0,-6.0
yheL,ECMDS42_2789,84,2931239,CTT,CTG,Leu,Leu,True,False,1,False,False,227.0,215.0,-12.0
yheL,ECMDS42_2789,85,2931236,ACG,ACA,Thr,Thr,True,False,1,False,False,255.0,263.0,8.0
yheS,ECMDS42_2799,575,2939542,GCT,ACT,Ala,Thr,False,False,1,,False,347.0,250.0,-97.0
prkB,ECMDS42_2802,9,2941077,GTA,ATA,Val,Ile,False,False,1,,False,234.0,230.0,-4.0
ompR,ECMDS42_2851,95,2993028,GAG,GAT,Glu,Asp,False,False,1,,False,521.0,448.0,-73.0
yiaD,ECMDS42_2989,38,3160608,GCT,GTT,Ala,Val,False,False,1,,False,347.0,252.0,-95.0
glyS,ECMDS42_2995,1,3166896,AGC,AGT,Ser,Ser,True,False,1,False,False,464.0,464.0,0.0
glyS,ECMDS42_2995,2,3166893,GAG,GAA,Glu,Glu,True,False,1,False,False,521.0,521.0,0.0
glyS,ECMDS42_2995,6,3166881,CTG,CTT,Leu,Leu,True,False,1,False,False,215.0,227.0,12.0
glyS,ECMDS42_2995,7,3166878,GTG,GTA,Val,Val,True,False,1,False,False,226.0,234.0,8.0
yieE,ECMDS42_3149,161,3328976,GTT,GGT,Val,Gly,False,False,1,,False,252.0,418.0,166.0
glmU,ECMDS42_3167,1,3349819,TTG,TTA,Leu,Leu,True,False,1,False,False,260.0,414.0,154.0
glmU,ECMDS42_3167,2,3349816,AAT,AAC,Asn,Asn,True,False,1,False,False,296.0,296.0,0.0
glmU,ECMDS42_3167,3,3349813,AAT,AAC,Asn,Asn,True,False,1,False,False,296.0,296.0,0.0
glmU,ECMDS42_3167,4,3349810,GCT,GCC,Ala,Ala,True,False,1,False,False,347.0,347.0,0.0
atpG,ECMDS42_3170,2,3352881,GGC,GGA,Gly,Gly,True,False,1,False,False,418.0,547.0,129.0
atpG,ECMDS42_3170,3,3352878,GCT,GCC,Ala,Ala,True,False,1,False,False,347.0,347.0,0.0
atpG,ECMDS42_3170,5,3352872,GAG,GAA,Glu,Glu,True,False,1,False,False,521.0,521.0,0.0
atpG,ECMDS42_3170,7,3352866,CGT,CGA,Arg,Arg,True,False,2,False,False,421.0,360.0,-61.0
atpH,ECMDS42_3172,1,3355022,AGC,AGT,Ser,Ser,True,False,1,False,False,464.0,464.0,0.0
atpH,ECMDS42_3172,5,3355010,ACG,ACA,Thr,Thr,True,False,1,False,False,255.0,263.0,8.0
atpH,ECMDS42_3172,6,3355007,GTA,GTT,Val,Val,True,False,2,False,False,234.0,252.0,18.0
atpH,ECMDS42_3172,7,3355004,GCT,GCC,Ala,Ala,True,False,1,False,False,347.0,347.0,0.0
rho,ECMDS42_3221,108,3401400,CGC,TGC,Arg,Cys,False,False,1,,False,421.0,953.0,532.0
wzxE,ECMDS42_3230,415,3412182,GCT,GTA,Ala,Val,False,False,3,,False,347.0,234.0,-113.0
rffT,ECMDS42_3231,358,3413287,GCT,GTA,Ala,Val,False,False,3,,False,347.0,234.0,-113.0
rffM,ECMDS42_3233,182,3415219,GTA,GAT,Val,Asp,False,False,4,,True,234.0,448.0,214.0
rffM,ECMDS42_3233,183,3415222,CAT,GTA,His,Val,False,False,6,,True,281.0,234.0,-47.0
yigB,ECMDS42_3253,147,3432606,GAT,GGT,Asp,Gly,False,False,1,,False,448.0,418.0,-30.0
rpoB,ECMDS42_3424,1,3616645,GTT,GTC,Val,Val,True,False,1,False,False,252.0,252.0,0.0
yjdL,ECMDS42_3570,428,3790688,CAG,CAA,Gln,Gln,True,False,1,False,False,411.0,411.0,0.0
rnr,ECMDS42_3621,711,3844453,GCT,GAT,Ala,Asp,False,False,1,,False,347.0,448.0,101.0
rpsF,ECMDS42_3642,1,3860787,CGT,CGC,Arg,Arg,True,False,1,False,False,421.0,421.0,0.0
rpsF,ECMDS42_3642,3,3860793,TAC,TAT,Tyr,Tyr,True,False,1,False,False,796.0,796.0,0.0
priB,ECMDS42_3643,1,3861189,ACC,ACT,Thr,Thr,True,False,1,False,False,250.0,250.0,0.0
priB,ECMDS42_3643,2,3861192,AAC,AAT,Asn,Asn,True,False,1,False,False,296.0,296.0,0.0
priB,ECMDS42_3643,3,3861195,CGT,CGC,Arg,Arg,True,False,1,False,False,421.0,421.0,0.0
priB,ECMDS42_3643,5,3861201,GTG,GTT,Val,Val,True,False,1,False,False,226.0,252.0,26.0
priB,ECMDS42_3643,6,3861204,TTG,TTA,Leu,Leu,True,False,1,False,False,260.0,414.0,154.0
priB,ECMDS42_3643,101,3861489,AGC,AGT,Ser,Ser,True,False,1,False,False,464.0,464.0,0.0
rpsR,ECMDS42_3644,2,3861511,CGT,CGC,Arg,Arg,True,False,1,False,False,421.0,421.0,0.0
rpsR,ECMDS42_3644,3,3861514,TAT,TAC,Tyr,Tyr,True,False,1,False,False,796.0,796.0,0.0
rpsR,ECMDS42_3644,6,3861523,CGT,CGA,Arg,Arg,True,False,2,False,False,421.0,360.0,-61.0
rpsR,ECMDS42_3644,7,3861526,CGC,CGA,Arg,Arg,True,False,1,False,False,421.0,360.0,-61.0
rplI,ECMDS42_3645,2,3861780,GTT,GTG,Val,Val,True,False,1,False,False,252.0,226.0,-26.0
rplI,ECMDS42_3645,3,3861783,ATT,ATA,Ile,Ile,True,False,2,False,False,275.0,230.0,-45.0
rplI,ECMDS42_3645,4,3861786,CTG,CTC,Leu,Leu,True,False,2,False,False,215.0,227.0,12.0
rplI,ECMDS42_3645,5,3861789,CTT,CTG,Leu,Leu,True,False,1,False,False,227.0,215.0,-12.0
nrdG,ECMDS42_3678,49,3895898,GCT,GCC,Ala,Ala,True,False,1,False,False,347.0,347.0,0.0
yjgL,ECMDS42_3692,131,3911513,CGT,AGT,Arg,Ser,False,False,1,,False,421.0,464.0,43.0
holC,ECMDS42_3698,142,3919535,ACG,ACA,Thr,Thr,True,False,1,False,False,255.0,263.0,8.0
gntP,ECMDS42_3710,314,3932999,CTG,CTT,Leu,Leu,True,False,1,False,False,215.0,227.0,12.0
mdoB,ECMDS42_3714,547,3938922,TTC,TTT,Phe,Phe,True,False,1,False,False,454.0,454.0,0.0
deoB,ECMDS42_3740,1,3960786,AAA,AAG,Lys,Lys,True,False,1,False,False,307.0,307.0,0.0
deoB,ECMDS42_3740,2,3960789,CGT,CGA,Arg,Arg,True,False,2,False,False,421.0,360.0,-61.0
deoB,ECMDS42_3740,3,3960792,GCT,GCC,Ala,Ala,True,False,1,False,False,347.0,347.0,0.0
deoB,ECMDS42_3740,4,3960795,TTT,TTC,Phe,Phe,True,False,1,False,False,454.0,454.0,0.0
deoB,ECMDS42_3740,5,3960798,ATT,ATA,Ile,Ile,True,False,2,False,False,275.0,230.0,-45.0
