gene,design_codon,final_codon,design_aa,final_aa,is_synonymous,is_reversion,hamming,delta_local,local_mismatch_design,local_mismatch_final
mog,AAT,AAC,Asn,Asn,True,False,1,0.0,296.0,296.0
mog,CGT,CGC,Arg,Arg,True,False,1,0.0,421.0,421.0
mog,ATT,ATA,Ile,Ile,True,False,2,-45.0,275.0,230.0
rpsT,TTG,ATG,Leu,Met,False,False,2,-32.0,260.0,228.0
ileS,GAC,GAT,Asp,Asp,True,False,1,0.0,448.0,448.0
ileS,TAT,TAC,Tyr,Tyr,True,False,1,0.0,796.0,796.0
ileS,ACC,ACT,Thr,Thr,True,False,1,0.0,250.0,250.0
ileS,CTG,CTA,Leu,Leu,True,False,1,-10.0,215.0,205.0
ileS,ATC,ATA,Ile,Ile,True,False,1,-35.0,265.0,230.0
hemL,AAT,AAC,Asn,Asn,True,False,1,0.0,296.0,296.0
hemL,CTT,CTA,Leu,Leu,True,False,2,-22.0,227.0,205.0
hemL,TAC,TAT,Tyr,Tyr,True,False,1,0.0,796.0,796.0
rpsB,AGC,AGT,Ser,Ser,True,False,1,0.0,464.0,464.0
tsf,GCT,GCC,Ala,Ala,True,False,1,0.0,347.0,347.0
dxr,AAC,AAT,Asn,Asn,True,False,1,0.0,296.0,296.0
ispU,GCC,GCT,Ala,Ala,True,False,1,0.0,347.0,347.0
ispU,GCT,GCC,Ala,Ala,True,False,1,0.0,347.0,347.0
cdsA,TTG,ATG,Leu,Met,False,False,2,-32.0,260.0,228.0
cdsA,AAG,AAA,Lys,Lys,True,False,1,0.0,307.0,307.0
cdsA,CGC,CGT,Arg,Arg,True,False,1,0.0,421.0,421.0
cdsA,CTG,CTC,Leu,Leu,True,False,2,12.0,215.0,227.0
cdsA,ATA,ATC,Ile,Ile,True,False,1,35.0,230.0,265.0
yaeL,TTC,CTC,Phe,Leu,False,False,1,-227.0,454.0,227.0
yaeT,GCT,GCC,Ala,Ala,True,False,1,0.0,347.0,347.0
yaeT,GCT,GCC,Ala,Ala,True,False,1,0.0,347.0,347.0
yaeT,AGC,AGT,Ser,Ser,True,False,1,0.0,464.0,464.0
lpxD,GCT,GCC,Ala,Ala,True,False,1,0.0,347.0,347.0
fadE,GGT,AGT,Gly,Ser,False,False,1,46.0,418.0,464.0
sbcD,GGC,GGG,Gly,Gly,True,False,2,98.0,418.0,516.0
clpP,AGC,AGT,Ser,Ser,True,False,1,0.0,464.0,464.0
clpP,GGC,GGA,Gly,Gly,True,False,1,129.0,418.0,547.0
clpP,CGA,CGG,Arg,Arg,True,False,1,-114.0,360.0,246.0
clpP,GAT,GAC,Asp,Asp,True,False,1,0.0,448.0,448.0
clpP,GCT,ACC,Ala,Thr,False,False,2,-97.0,347.0,250.0
clpX,ACA,ACT,Thr,Thr,True,False,2,-13.0,263.0,250.0
clpX,CGC,CGG,Arg,Arg,True,False,2,-175.0,421.0,246.0
clpX,GGC,GGG,Gly,Gly,True,False,2,98.0,418.0,516.0
ybbK,CGG,ACG,Arg,Thr,False,False,3,9.0,246.0,255.0
ybbK,ACT,GAC,Thr,Asp,False,False,3,198.0,250.0,448.0
ybbK,CAG,TCA,Gln,Ser,False,True,3,122.0,411.0,533.0
ybbK,CCA,GCC,Pro,Ala,False,False,3,61.0,286.0,347.0
ybbK,TGA,ATG,Stop,Met,False,False,4,-847.0,1075.0,228.0
cydA,ATA,ATC,Ile,Ile,True,False,1,35.0,230.0,265.0
cydA,GTC,GTA,Val,Val,True,False,1,-18.0,252.0,234.0
trxB,ATC,ACC,Ile,Thr,False,False,1,-15.0,265.0,250.0
torA,ATG,ATA,Met,Ile,False,False,1,2.0,228.0,230.0
lpxL,ACG,ACT,Thr,Thr,True,False,1,-5.0,255.0,250.0
lpxL,CTA,CTG,Leu,Leu,True,False,1,10.0,205.0,215.0
lpxL,CCC,CCG,Pro,Pro,True,False,2,-1.0,287.0,286.0
fabH,TAT,TAC,Tyr,Tyr,True,False,1,0.0,796.0,796.0
fabH,ACG,ACC,Thr,Thr,True,False,2,-5.0,255.0,250.0
fabH,ATT,ATC,Ile,Ile,True,False,1,-10.0,275.0,265.0
fabH,ATT,ATC,Ile,Ile,True,False,1,-10.0,275.0,265.0
fabH,GGT,GGA,Gly,Gly,True,False,2,129.0,418.0,547.0
fabH,ACT,ACA,Thr,Thr,True,False,2,13.0,250.0,263.0
acpP,AGC,AGT,Ser,Ser,True,False,1,0.0,464.0,464.0
acpP,ACT,ACA,Thr,Thr,True,False,2,13.0,250.0,263.0
acpP,ATC,ATA,Ile,Ile,True,False,1,-35.0,265.0,230.0
acpP,GAA,GAG,Glu,Glu,True,False,1,0.0,521.0,521.0
acpP,GAA,GAG,Glu,Glu,True,False,1,0.0,521.0,521.0
acpP,CGC,CGT,Arg,Arg,True,False,1,0.0,421.0,421.0
acpP,GTT,GTG,Val,Val,True,False,1,-26.0,252.0,226.0
phoQ,GTC,ATC,Val,Ile,False,False,1,13.0,252.0,265.0
prsA,GTG,ATG,Val,Met,False,False,1,2.0,226.0,228.0
prsA,CCT,CCC,Pro,Pro,True,False,1,0.0,287.0,287.0
prsA,AAG,AAA,Lys,Lys,True,False,1,0.0,307.0,307.0
prsA,CTT,CTA,Leu,Leu,True,False,2,-22.0,227.0,205.0
prsA,GCT,GCC,Ala,Ala,True,False,1,0.0,347.0,347.0
prfA,AAG,AAA,Lys,Lys,True,False,1,0.0,307.0,307.0
prfA,CCT,CCC,Pro,Pro,True,False,1,0.0,287.0,287.0
prfA,ATC,ATT,Ile,Ile,True,False,1,10.0,265.0,275.0
prfA,GTT,GTC,Val,Val,True,False,1,0.0,252.0,252.0
prfA,AAA,AAG,Lys,Lys,True,False,1,0.0,307.0,307.0
adhE,ACC,GCC,Thr,Ala,False,False,1,97.0,250.0,347.0
fabI,GGT,AGT,Gly,Ser,False,False,1,46.0,418.0,464.0
clcB,AGT,GGT,Ser,Gly,False,False,1,-46.0,464.0,418.0
pdxH,AGC,AGT,Ser,Ser,True,False,1,0.0,464.0,464.0
gloA,AGC,AGT,Ser,Ser,True,False,1,0.0,464.0,464.0
rnt,AGC,AGT,Ser,Ser,True,False,1,0.0,464.0,464.0
sufB,CCC,CCT,Pro,Pro,True,False,1,0.0,287.0,287.0
ydiJ,CAG,CGG,Gln,Arg,False,False,1,-165.0,411.0,246.0
ydiS,GTT,GCT,Val,Ala,False,False,1,95.0,252.0,347.0
ydiU,TGC,TGT,Cys,Cys,True,False,1,0.0,953.0,953.0
rplT,CGT,CGG,Arg,Arg,True,False,1,-175.0,421.0,246.0
rplT,GCT,GCC,Ala,Ala,True,False,1,0.0,347.0,347.0
infC,GCT,GCC,Ala,Ala,True,False,1,0.0,347.0,347.0
infC,GCT,GCC,Ala,Ala,True,False,1,0.0,347.0,347.0
ynjB,ACA,AGA,Thr,Arg,False,False,2,95.0,263.0,358.0
sppA,GGT,GAT,Gly,Asp,False,False,1,30.0,418.0,448.0
manX,TGG,TGA,Trp,Stop,False,False,1,84.0,991.0,1075.0
vsr,GCC,GTC,Ala,Val,False,False,1,-95.0,347.0,252.0
cobT,GTG,GCG,Val,Ala,False,True,1,102.0,226.0,328.0
mglA,CGC,CAC,Arg,His,False,False,1,-140.0,421.0,281.0
napH,CTG,TTG,Leu,Leu,True,False,1,45.0,215.0,260.0
yfdV,GCT,ACT,Ala,Thr,False,False,1,-97.0,347.0,250.0
yfeH,TAC,TGC,Tyr,Cys,False,False,1,157.0,796.0,953.0
ligA,ATC,ATT,Ile,Ile,True,False,1,10.0,265.0,275.0
ligA,CTG,CTT,Leu,Leu,True,False,1,12.0,215.0,227.0
zipA,CAG,CAA,Gln,Gln,True,False,1,0.0,411.0,411.0
zipA,GAT,GAC,Asp,Asp,True,False,1,0.0,448.0,448.0
zipA,CTG,CTT,Leu,Leu,True,False,1,12.0,215.0,227.0
zipA,ATA,ATC,Ile,Ile,True,False,1,35.0,230.0,265.0
hda,GTG,ATG,Val,Met,False,False,1,2.0,226.0,228.0
hda,GTA,GTT,Val,Val,True,False,2,18.0,234.0,252.0
hda,TTC,TTT,Phe,Phe,True,False,1,0.0,454.0,454.0
hda,CGA,CGT,Arg,Arg,True,False,2,61.0,360.0,421.0
hda,TTT,TTC,Phe,Phe,True,False,1,0.0,454.0,454.0
hda,TGT,TGC,Cys,Cys,True,False,1,0.0,953.0,953.0
der,GTA,GTC,Val,Val,True,False,1,18.0,234.0,252.0
der,CCT,CCC,Pro,Pro,True,False,1,0.0,287.0,287.0
der,GTG,GTA,Val,Val,True,False,1,8.0,226.0,234.0
der,GCT,GCC,Ala,Ala,True,False,1,0.0,347.0,347.0
der,CTT,CTC,Leu,Leu,True,False,1,0.0,227.0,227.0
der,GTC,GTA,Val,Val,True,False,1,-18.0,252.0,234.0
iscA,GTC,ATC,Val,Ile,False,False,1,13.0,252.0,265.0
yfhK,CAT,CAC,His,His,True,False,1,0.0,281.0,281.0
cysH,GCT,ACT,Ala,Thr,False,False,1,-97.0,347.0,250.0
yqeK,AGT,GGT,Ser,Gly,False,False,1,-46.0,464.0,418.0
ubiH,AGC,AGT,Ser,Ser,True,False,1,0.0,464.0,464.0
ubiH,GTA,GTC,Val,Val,True,False,1,18.0,234.0,252.0
ubiH,GTC,GTG,Val,Val,True,False,2,-26.0,252.0,226.0
ubiH,GGT,GGG,Gly,Gly,True,False,1,98.0,418.0,516.0
ubiH,GGC,GGG,Gly,Gly,True,False,2,98.0,418.0,516.0
ubiH,ACC,GCC,Thr,Ala,False,False,1,97.0,250.0,347.0
pepP,AGT,AGC,Ser,Ser,True,False,1,0.0,464.0,464.0
pepP,GAG,GAA,Glu,Glu,True,False,1,0.0,521.0,521.0
pepP,CGG,CGC,Arg,Arg,True,False,2,175.0,246.0,421.0
pepP,GAG,GAA,Glu,Glu,True,False,1,0.0,521.0,521.0
ygfG,GTA,GTG,Val,Val,True,False,1,-8.0,234.0,226.0
yhdN,CGC,CGT,Arg,Arg,True,False,1,0.0,421.0,421.0
rplQ,CGC,CGA,Arg,Arg,True,False,1,-61.0,421.0,360.0
rplQ,AGT,AGC,Ser,Ser,True,False,1,0.0,464.0,464.0
rplQ,GGT,GGA,Gly,Gly,True,False,2,129.0,418.0,547.0
rpoA,CAG,CAA,Gln,Gln,True,False,1,0.0,411.0,411.0
rpoA,AGC,AGT,Ser,Ser,True,False,1,0.0,464.0,464.0
rpoA,ACA,ACC,Thr,Thr,True,False,1,-13.0,263.0,250.0
rpoA,AAC,GAC,Asn,Asp,False,False,1,152.0,296.0,448.0
rpoA,AGC,AGT,Ser,Ser,True,False,1,0.0,464.0,464.0
rpsD,TAT,TAC,Tyr,Tyr,True,False,1,0.0,796.0,796.0
rpsD,TTG,TTA,Leu,Leu,True,False,1,154.0,260.0,414.0
rpsD,GAT,AAT,Asp,Asn,False,False,1,-152.0,448.0,296.0
rpsD,AGC,AGT,Ser,Ser,True,False,1,0.0,464.0,464.0
rpsM,CGT,CGA,Arg,Arg,True,False,2,-61.0,421.0,360.0
rpsM,GGC,GGA,Gly,Gly,True,False,1,129.0,418.0,547.0
rpsM,AAC,AAT,Asn,Asn,True,False,1,0.0,296.0,296.0
rpmJ,AGC,AGT,Ser,Ser,True,False,1,0.0,464.0,464.0
secY,GCT,GCC,Ala,Ala,True,False,1,0.0,347.0,347.0
secY,CCG,CCT,Pro,Pro,True,False,1,1.0,286.0,287.0
secY,GAT,GAC,Asp,Asp,True,False,1,0.0,448.0,448.0
secY,AGC,AGT,Ser,Ser,True,False,1,0.0,464.0,464.0
secY,AGC,AGT,Ser,Ser,True,False,1,0.0,464.0,464.0
secY,ATT,ATC,Ile,Ile,True,False,1,-10.0,275.0,265.0
secY,AGC,AGT,Ser,Ser,True,False,1,0.0,464.0,464.0
rplO,CGT,CGG,Arg,Arg,True,False,1,-175.0,421.0,246.0
rplO,TTA,TTG,Leu,Leu,True,False,1,-154.0,414.0,260.0
rplO,AAT,AAC,Asn,Asn,True,False,1,0.0,296.0,296.0
rplO,CTG,CTA,Leu,Leu,True,False,1,-10.0,215.0,205.0
rplO,AGC,AGT,Ser,Ser,True,False,1,0.0,464.0,464.0
rplO,GCT,GAT,Ala,Asp,False,False,1,101.0,347.0,448.0
rpmD,ATT,ATA,Ile,Ile,True,False,2,-45.0,275.0,230.0
rpmD,ACT,ACC,Thr,Thr,True,False,1,0.0,250.0,250.0
rpmD,GCT,GCC,Ala,Ala,True,False,1,0.0,347.0,347.0
rpsE,GCT,GCC,Ala,Ala,True,False,1,0.0,347.0,347.0
rpsE,CAC,CAT,His,His,True,False,1,0.0,281.0,281.0
rpsE,GCT,GCC,Ala,Ala,True,False,1,0.0,347.0,347.0
rpsE,AGC,AGT,Ser,Ser,True,False,1,0.0,464.0,464.0
rpsE,AGC,AGT,Ser,Ser,True,False,1,0.0,464.0,464.0
rpsE,AGC,AGT,Ser,Ser,True,False,1,0.0,464.0,464.0
rplF,CGT,CGA,Arg,Arg,True,False,2,-61.0,421.0,360.0
rplF,CCG,CCC,Pro,Pro,True,False,2,1.0,286.0,287.0
rplF,GAC,TAC,Asp,Tyr,False,False,1,348.0,448.0,796.0
rpsH,GAT,GAC,Asp,Asp,True,False,1,0.0,448.0,448.0
rpsH,CCG,CCC,Pro,Pro,True,False,2,1.0,286.0,287.0
rpsH,ATC,ATT,Ile,Ile,True,False,1,10.0,265.0,275.0
rpsH,GCT,GCC,Ala,Ala,True,False,1,0.0,347.0,347.0
rpsH,AGC,AGT,Ser,Ser,True,False,1,0.0,464.0,464.0
rpsH,AGC,AGT,Ser,Ser,True,False,1,0.0,464.0,464.0
rpsH,GTT,GTC,Val,Val,True,False,1,0.0,252.0,252.0
rpsN,AAG,AAA,Lys,Lys,True,False,1,0.0,307.0,307.0
rpsN,AGT,AGC,Ser,Ser,True,False,1,0.0,464.0,464.0
rpsN,AAA,AAG,Lys,Lys,True,False,1,0.0,307.0,307.0
rpsN,AGC,AGT,Ser,Ser,True,False,1,0.0,464.0,464.0
rpsN,AGC,AGT,Ser,Ser,True,False,1,0.0,464.0,464.0
rplX,GCT,GCC,Ala,Ala,True,False,1,0.0,347.0,347.0
rplX,ATC,ATT,Ile,Ile,True,False,1,10.0,265.0,275.0
rplX,CGT,CGC,Arg,Arg,True,False,1,0.0,421.0,421.0
rplX,AGC,AGT,Ser,Ser,True,False,1,0.0,464.0,464.0
rplX,AGC,AGT,Ser,Ser,True,False,1,0.0,464.0,464.0
rplX,TTC,TTT,Phe,Phe,True,False,1,0.0,454.0,454.0
rplN,ATC,ATT,Ile,Ile,True,False,1,10.0,265.0,275.0
rplN,CAA,CAG,Gln,Gln,True,False,1,0.0,411.0,411.0
rplN,GAA,GAG,Glu,Glu,True,False,1,0.0,521.0,521.0
rplN,ACT,ACG,Thr,Thr,True,False,1,5.0,250.0,255.0
rplN,AGC,AGT,Ser,Ser,True,False,1,0.0,464.0,464.0
rplN,GCT,GCC,Ala,Ala,True,False,1,0.0,347.0,347.0
rplN,GCT,GCC,Ala,Ala,True,False,1,0.0,347.0,347.0
rpsQ,ACC,ACT,Thr,Thr,True,False,1,0.0,250.0,250.0
rpsQ,AAA,AAG,Lys,Lys,True,False,1,0.0,307.0,307.0
rpsQ,CGT,CGG,Arg,Arg,True,False,1,-175.0,421.0,246.0
rpsQ,CTG,CTT,Leu,Leu,True,False,1,12.0,215.0,227.0
rpsQ,AGC,AGT,Ser,Ser,True,False,1,0.0,464.0,464.0
rpsQ,AGC,AGT,Ser,Ser,True,False,1,0.0,464.0,464.0
rpsQ,ACT,GCT,Thr,Ala,False,False,1,97.0,250.0,347.0
rpsQ,AGC,AGT,Ser,Ser,True,False,1,0.0,464.0,464.0
rpmC,CTG,CTT,Leu,Leu,True,False,1,12.0,215.0,227.0
rpmC,CGT,CGA,Arg,Arg,True,False,2,-61.0,421.0,360.0
rpmC,GAG,GAA,Glu,Glu,True,False,1,0.0,521.0,521.0
rpsC,CAG,CAA,Gln,Gln,True,False,1,0.0,411.0,411.0
rpsC,AAA,AAG,Lys,Lys,True,False,1,0.0,307.0,307.0
rpsC,GTA,GTT,Val,Val,True,False,2,18.0,234.0,252.0
rpsC,GAC,GGC,Asp,Gly,False,False,1,-30.0,448.0,418.0
rpsC,AGC,AGT,Ser,Ser,True,False,1,0.0,464.0,464.0
rpsC,ATC,CTC,Ile,Leu,False,False,1,-38.0,265.0,227.0
rplV,GAA,GAG,Glu,Glu,True,False,1,0.0,521.0,521.0
rplV,ATC,ATA,Ile,Ile,True,False,1,-35.0,265.0,230.0
rplV,CAT,CAC,His,His,True,False,1,0.0,281.0,281.0
rplV,CGC,CGT,Arg,Arg,True,False,1,0.0,421.0,421.0
rplV,AAG,AGG,Lys,Arg,False,False,1,45.0,307.0,352.0
rplV,CGC,CAC,Arg,His,False,False,1,-140.0,421.0,281.0
rpsS,AGC,AGT,Ser,Ser,True,False,1,0.0,464.0,464.0
rpsS,CTC,CTT,Leu,Leu,True,False,1,0.0,227.0,227.0
rpsS,AAG,AAA,Lys,Lys,True,False,1,0.0,307.0,307.0
rpsS,AAA,AAG,Lys,Lys,True,False,1,0.0,307.0,307.0
rpsS,ATG,ACG,Met,Thr,False,False,1,27.0,228.0,255.0
rpsS,GCT,GCC,Ala,Ala,True,False,1,0.0,347.0,347.0
rplW,CGT,CGG,Arg,Arg,True,False,1,-175.0,421.0,246.0
rplW,CGT,CGC,Arg,Arg,True,False,1,0.0,421.0,421.0
rplW,CTG,CTC,Leu,Leu,True,False,2,12.0,215.0,227.0
rplW,CTG,CTT,Leu,Leu,True,False,1,12.0,215.0,227.0
rplW,GCT,GCC,Ala,Ala,True,False,1,0.0,347.0,347.0
rplW,GCT,GCC,Ala,Ala,True,False,1,0.0,347.0,347.0
rplW,AAA,AAG,Lys,Lys,True,False,1,0.0,307.0,307.0
rplD,GAC,GAT,Asp,Asp,True,False,1,0.0,448.0,448.0
rplD,GTT,GCT,Val,Ala,False,False,1,95.0,252.0,347.0
rplD,GGT,GGC,Gly,Gly,True,False,1,0.0,418.0,418.0
rplD,AGC,AGT,Ser,Ser,True,False,1,0.0,464.0,464.0
rplD,AGC,AGT,Ser,Ser,True,False,1,0.0,464.0,464.0
rplD,GCT,AAA,Ala,Lys,False,False,4,-40.0,347.0,307.0
rplC,ATT,ATA,Ile,Ile,True,False,2,-45.0,275.0,230.0
rplC,GGT,GGA,Gly,Gly,True,False,2,129.0,418.0,547.0
rplC,GTC,GTG,Val,Val,True,False,2,-26.0,252.0,226.0
rplC,GGT,GGA,Gly,Gly,True,False,2,129.0,418.0,547.0
rplC,AGC,AGT,Ser,Ser,True,False,1,0.0,464.0,464.0
rplC,AAG,AGG,Lys,Arg,False,False,1,45.0,307.0,352.0
rpsJ,AAC,AAT,Asn,Asn,True,False,1,0.0,296.0,296.0
rpsJ,AGA,AGG,Arg,Arg,True,False,1,-6.0,358.0,352.0
rpsJ,ATC,ATA,Ile,Ile,True,False,1,-35.0,265.0,230.0
rpsJ,CGT,CGA,Arg,Arg,True,False,2,-61.0,421.0,360.0
rpsJ,ATC,ATA,Ile,Ile,True,False,1,-35.0,265.0,230.0
rpsJ,AGC,AGT,Ser,Ser,True,False,1,0.0,464.0,464.0
pioO,AGC,AGT,Ser,Ser,True,False,1,0.0,464.0,464.0
pioO,AGC,AGT,Ser,Ser,True,False,1,0.0,464.0,464.0
rpsG,AGC,AGT,Ser,Ser,True,False,1,0.0,464.0,464.0
rpsG,GCT,GCC,Ala,Ala,True,False,1,0.0,347.0,347.0
rpsG,GTT,TTT,Val,Phe,False,False,1,202.0,252.0,454.0
rpsG,AGC,AGT,Ser,Ser,True,False,1,0.0,464.0,464.0
rpsG,AGC,AGT,Ser,Ser,True,False,1,0.0,464.0,464.0
rpsL,GCT,GCC,Ala,Ala,True,False,1,0.0,347.0,347.0
rpsL,GTT,GTC,Val,Val,True,False,1,0.0,252.0,252.0
rpsL,CAG,CAA,Gln,Gln,True,False,1,0.0,411.0,411.0
rpsL,CTG,CTA,Leu,Leu,True,False,1,-10.0,215.0,205.0
rpsL,GTA,GTT,Val,Val,True,False,2,18.0,234.0,252.0
rpsL,AGC,AGT,Ser,Ser,True,False,1,0.0,464.0,464.0
rpsL,AGC,AGT,Ser,Ser,True,False,1,0.0,464.0,464.0
rpsL,AGC,AGT,Ser,Ser,True,False,1,0.0,464.0,464.0
rpsL,AGC,AGT,Ser,Ser,True,False,1,0.0,464.0,464.0
rpsL,AGC,AGT,Ser,Ser,True,False,1,0.0,464.0,464.0
yheL,AGA,AGG,Arg,Arg,True,False,1,-6.0,358.0,352.0
yheL,CTT,CTG,Leu,Leu,True,False,1,-12.0,227.0,215.0
yheL,ACG,ACA,Thr,Thr,True,False,1,8.0,255.0,263.0
yheS,GCT,ACT,Ala,Thr,False,False,1,-97.0,347.0,250.0
prkB,GTA,ATA,Val,Ile,False,False,1,-4.0,234.0,230.0
ompR,GAG,GAT,Glu,Asp,False,False,1,-73.0,521.0,448.0
yiaD,GCT,GTT,Ala,Val,False,False,1,-95.0,347.0,252.0
glyS,AGC,AGT,Ser,Ser,True,False,1,0.0,464.0,464.0
glyS,GAG,GAA,Glu,Glu,True,False,1,0.0,521.0,521.0
glyS,CTG,CTT,Leu,Leu,True,False,1,12.0,215.0,227.0
glyS,GTG,GTA,Val,Val,True,False,1,8.0,226.0,234.0
yieE,GTT,GGT,Val,Gly,False,False,1,166.0,252.0,418.0
glmU,TTG,TTA,Leu,Leu,True,False,1,154.0,260.0,414.0
glmU,AAT,AAC,Asn,Asn,True,False,1,0.0,296.0,296.0
glmU,AAT,AAC,Asn,Asn,True,False,1,0.0,296.0,296.0
glmU,GCT,GCC,Ala,Ala,True,False,1,0.0,347.0,347.0
atpG,GGC,GGA,Gly,Gly,True,False,1,129.0,418.0,547.0
atpG,GCT,GCC,Ala,Ala,True,False,1,0.0,347.0,347.0
atpG,GAG,GAA,Glu,Glu,True,False,1,0.0,521.0,521.0
atpG,CGT,CGA,Arg,Arg,True,False,2,-61.0,421.0,360.0
atpH,AGC,AGT,Ser,Ser,True,False,1,0.0,464.0,464.0
atpH,ACG,ACA,Thr,Thr,True,False,1,8.0,255.0,263.0
atpH,GTA,GTT,Val,Val,True,False,2,18.0,234.0,252.0
atpH,GCT,GCC,Ala,Ala,True,False,1,0.0,347.0,347.0
rho,CGC,TGC,Arg,Cys,False,False,1,532.0,421.0,953.0
wzxE,GCT,GTA,Ala,Val,False,False,3,-113.0,347.0,234.0
rffT,GCT,GTA,Ala,Val,False,False,3,-113.0,347.0,234.0
rffM,GTA,GAT,Val,Asp,False,False,4,214.0,234.0,448.0
rffM,CAT,GTA,His,Val,False,False,6,-47.0,281.0,234.0
yigB,GAT,GGT,Asp,Gly,False,False,1,-30.0,448.0,418.0
rpoB,GTT,GTC,Val,Val,True,False,1,0.0,252.0,252.0
yjdL,CAG,CAA,Gln,Gln,True,False,1,0.0,411.0,411.0
rnr,GCT,GAT,Ala,Asp,False,False,1,101.0,347.0,448.0
rpsF,CGT,CGC,Arg,Arg,True,False,1,0.0,421.0,421.0
rpsF,TAC,TAT,Tyr,Tyr,True,False,1,0.0,796.0,796.0
priB,ACC,ACT,Thr,Thr,True,False,1,0.0,250.0,250.0
priB,AAC,AAT,Asn,Asn,True,False,1,0.0,296.0,296.0
priB,CGT,CGC,Arg,Arg,True,False,1,0.0,421.0,421.0
priB,GTG,GTT,Val,Val,True,False,1,26.0,226.0,252.0
priB,TTG,TTA,Leu,Leu,True,False,1,154.0,260.0,414.0
priB,AGC,AGT,Ser,Ser,True,False,1,0.0,464.0,464.0
rpsR,CGT,CGC,Arg,Arg,True,False,1,0.0,421.0,421.0
rpsR,TAT,TAC,Tyr,Tyr,True,False,1,0.0,796.0,796.0
rpsR,CGT,CGA,Arg,Arg,True,False,2,-61.0,421.0,360.0
rpsR,CGC,CGA,Arg,Arg,True,False,1,-61.0,421.0,360.0
rplI,GTT,GTG,Val,Val,True,False,1,-26.0,252.0,226.0
rplI,ATT,ATA,Ile,Ile,True,False,2,-45.0,275.0,230.0
rplI,CTG,CTC,Leu,Leu,True,False,2,12.0,215.0,227.0
rplI,CTT,CTG,Leu,Leu,True,False,1,-12.0,227.0,215.0
nrdG,GCT,GCC,Ala,Ala,True,False,1,0.0,347.0,347.0
yjgL,CGT,AGT,Arg,Ser,False,False,1,43.0,421.0,464.0
holC,ACG,ACA,Thr,Thr,True,False,1,8.0,255.0,263.0
gntP,CTG,CTT,Leu,Leu,True,False,1,12.0,215.0,227.0
mdoB,TTC,TTT,Phe,Phe,True,False,1,0.0,454.0,454.0
deoB,AAA,AAG,Lys,Lys,True,False,1,0.0,307.0,307.0
deoB,CGT,CGA,Arg,Arg,True,False,2,-61.0,421.0,360.0
deoB,GCT,GCC,Ala,Ala,True,False,1,0.0,347.0,347.0
deoB,TTT,TTC,Phe,Phe,True,False,1,0.0,454.0,454.0
deoB,ATT,ATA,Ile,Ile,True,False,2,-45.0,275.0,230.0
