codon,aa,z1_re,z1_im,z2_re,z2_im,z3_re,z3_im
CCC,Pro,1.0,0.0,1.0,0.0,1.0,0.0
CCU,Pro,1.0,0.0,1.0,0.0,0.0,1.0
CCA,Pro,1.0,0.0,1.0,0.0,-1.0,0.0
CCG,Pro,1.0,0.0,1.0,0.0,0.0,-1.0
CUC,Leu,1.0,0.0,0.0,1.0,1.0,0.0
CUU,Leu,1.0,0.0,0.0,1.0,0.0,1.0
CUA,Leu,1.0,0.0,0.0,1.0,-1.0,0.0
CUG,Leu,1.0,0.0,0.0,1.0,0.0,-1.0
CAC,His,1.0,0.0,-1.0,0.0,1.0,0.0
CAU,His,1.0,0.0,-1.0,0.0,0.0,1.0
CAA,Gln,1.0,0.0,-1.0,0.0,-1.0,0.0
CAG,Gln,1.0,0.0,-1.0,0.0,0.0,-1.0
CGC,Arg,1.0,0.0,0.0,-1.0,1.0,0.0
CGU,Arg,1.0,0.0,0.0,-1.0,0.0,1.0
CGA,Arg,1.0,0.0,0.0,-1.0,-1.0,0.0
CGG,Arg,1.0,0.0,0.0,-1.0,0.0,-1.0
UCC,Ser,0.0,1.0,1.0,0.0,1.0,0.0
UCU,Ser,0.0,1.0,1.0,0.0,0.0,1.0
UCA,Ser,0.0,1.0,1.0,0.0,-1.0,0.0
UCG,Ser,0.0,1.0,1.0,0.0,0.0,-1.0
UUC,Phe,0.0,1.0,0.0,1.0,1.0,0.0
UUU,Phe,0.0,1.0,0.0,1.0,0.0,1.0
UUA,Leu,0.0,1.0,0.0,1.0,-1.0,0.0
UUG,Leu,0.0,1.0,0.0,1.0,0.0,-1.0
UAC,Tyr,0.0,1.0,-1.0,0.0,1.0,0.0
UAU,Tyr,0.0,1.0,-1.0,0.0,0.0,1.0
UAA,Stop,0.0,1.0,-1.0,0.0,-1.0,0.0
UAG,Stop,0.0,1.0,-1.0,0.0,0.0,-1.0
UGC,Cys,0.0,1.0,0.0,-1.0,1.0,0.0
UGU,Cys,0.0,1.0,0.0,-1.0,0.0,1.0
UGA,Stop,0.0,1.0,0.0,-1.0,-1.0,0.0
UGG,Trp,0.0,1.0,0.0,-1.0,0.0,-1.0
ACC,Thr,-1.0,0.0,1.0,0.0,1.0,0.0
ACU,Thr,-1.0,0.0,1.0,0.0,0.0,1.0
ACA,Thr,-1.0,0.0,1.0,0.0,-1.0,0.0
ACG,Thr,-1.0,0.0,1.0,0.0,0.0,-1.0
AUC,Ile,-1.0,0.0,0.0,1.0,1.0,0.0
AUU,Ile,-1.0,0.0,0.0,1.0,0.0,1.0
AUA,Ile,-1.0,0.0,0.0,1.0,-1.0,0.0
AUG,Met,-1.0,0.0,0.0,1.0,0.0,-1.0
AAC,Asn,-1.0,0.0,-1.0,0.0,1.0,0.0
AAU,Asn,-1.0,0.0,-1.0,0.0,0.0,1.0
AAA,Lys,-1.0,0.0,-1.0,0.0,-1.0,0.0
AAG,Lys,-1.0,0.0,-1.0,0.0,0.0,-1.0
AGC,Ser,-1.0,0.0,0.0,-1.0,1.0,0.0
AGU,Ser,-1.0,0.0,0.0,-1.0,0.0,1.0
AGA,Arg,-1.0,0.0,0.0,-1.0,-1.0,0.0
AGG,Arg,-1.0,0.0,0.0,-1.0,0.0,-1.0
GCC,Ala,0.0,-1.0,1.0,0.0,1.0,0.0
GCU,Ala,0.0,-1.0,1.0,0.0,0.0,1.0
GCA,Ala,0.0,-1.0,1.0,0.0,-1.0,0.0
GCG,Ala,0.0,-1.0,1.0,0.0,0.0,-1.0
GUC,Val,0.0,-1.0,0.0,1.0,1.0,0.0
GUU,Val,0.0,-1.0,0.0,1.0,0.0,1.0
GUA,Val,0.0,-1.0,0.0,1.0,-1.0,0.0
GUG,Val,0.0,-1.0,0.0,1.0,0.0,-1.0
GAC,Asp,0.0,-1.0,-1.0,0.0,1.0,0.0
GAU,Asp,0.0,-1.0,-1.0,0.0,0.0,1.0
GAA,Glu,0.0,-1.0,-1.0,0.0,-1.0,0.0
GAG,Glu,0.0,-1.0,-1.0,0.0,0.0,-1.0
GGC,Gly,0.0,-1.0,0.0,-1.0,1.0,0.0
GGU,Gly,0.0,-1.0,0.0,-1.0,0.0,1.0
GGA,Gly,0.0,-1.0,0.0,-1.0,-1.0,0.0
GGG,Gly,0.0,-1.0,0.0,-1.0,0.0,-1.0
