aa,degeneracy,epsilon,beta_0
Ala,4,1,1
Ala,4,2,1
Ala,4,3,1
Ala,4,4,1
Ala,4,5,1
Ala,4,6,1
Arg,6,1,1
Arg,6,2,1
Arg,6,3,1
Arg,6,4,1
Arg,6,5,1
Arg,6,6,1
Asn,2,1,1
Asn,2,2,1
Asn,2,3,1
Asn,2,4,1
Asn,2,5,1
Asn,2,6,1
Asp,2,1,1
Asp,2,2,1
Asp,2,3,1
Asp,2,4,1
Asp,2,5,1
Asp,2,6,1
Cys,2,1,1
Cys,2,2,1
Cys,2,3,1
Cys,2,4,1
Cys,2,5,1
Cys,2,6,1
Gln,2,1,1
Gln,2,2,1
Gln,2,3,1
Gln,2,4,1
Gln,2,5,1
Gln,2,6,1
Glu,2,1,1
Glu,2,2,1
Glu,2,3,1
Glu,2,4,1
Glu,2,5,1
Glu,2,6,1
Gly,4,1,1
Gly,4,2,1
Gly,4,3,1
Gly,4,4,1
Gly,4,5,1
Gly,4,6,1
His,2,1,1
His,2,2,1
His,2,3,1
His,2,4,1
His,2,5,1
His,2,6,1
Ile,3,1,1
Ile,3,2,1
Ile,3,3,1
Ile,3,4,1
Ile,3,5,1
Ile,3,6,1
Leu,6,1,1
Leu,6,2,1
Leu,6,3,1
Leu,6,4,1
Leu,6,5,1
Leu,6,6,1
Lys,2,1,1
Lys,2,2,1
Lys,2,3,1
Lys,2,4,1
Lys,2,5,1
Lys,2,6,1
Phe,2,1,1
Phe,2,2,1
Phe,2,3,1
Phe,2,4,1
Phe,2,5,1
Phe,2,6,1
Pro,4,1,1
Pro,4,2,1
Pro,4,3,1
Pro,4,4,1
Pro,4,5,1
Pro,4,6,1
Ser,6,1,2
Ser,6,2,2
Ser,6,3,2
Ser,6,4,1
Ser,6,5,1
Ser,6,6,1
Thr,4,1,1
Thr,4,2,1
Thr,4,3,1
Thr,4,4,1
Thr,4,5,1
Thr,4,6,1
Tyr,2,1,1
Tyr,2,2,1
Tyr,2,3,1
Tyr,2,4,1
Tyr,2,5,1
Tyr,2,6,1
Val,4,1,1
Val,4,2,1
Val,4,3,1
Val,4,4,1
Val,4,5,1
Val,4,6,1
