codon,original_aa,new_aa,feasibility_score,twofold_intact,fourfold_intact,serine_disconnected,n_disconnected_aas
CCC,Pro,His,1.0,True,True,True,1
CCC,Pro,Leu,1.0,True,True,True,1
CCC,Pro,Ser,1.0,True,True,True,1
CCC,Pro,Stop,1.0,True,True,True,1
CCC,Pro,Thr,1.0,True,True,True,1
CCU,Pro,His,1.0,True,True,True,1
CCU,Pro,Leu,1.0,True,True,True,1
CCU,Pro,Ser,1.0,True,True,True,1
CCU,Pro,Stop,1.0,True,True,True,1
CCU,Pro,Thr,1.0,True,True,True,1
CCA,Pro,Gln,1.0,True,True,True,1
CCA,Pro,Leu,1.0,True,True,True,1
CCA,Pro,Ser,1.0,True,True,True,1
CCA,Pro,Stop,1.0,True,True,True,1
CCA,Pro,Thr,1.0,True,True,True,1
CCG,Pro,Gln,1.0,True,True,True,1
CCG,Pro,Leu,1.0,True,True,True,1
CCG,Pro,Ser,1.0,True,True,True,1
CCG,Pro,Stop,1.0,True,True,True,1
CCG,Pro,Thr,1.0,True,True,True,1
CUC,Leu,Arg,1.0,True,True,True,1
CUC,Leu,Phe,1.0,True,True,True,1
CUC,Leu,Pro,1.0,True,True,True,1
CUC,Leu,Ser,1.0,True,True,True,1
CUC,Leu,Stop,1.0,True,True,True,1
CUU,Leu,Arg,1.0,True,True,True,1
CUU,Leu,Phe,1.0,True,True,True,1
CUU,Leu,Pro,1.0,True,True,True,1
CUU,Leu,Ser,1.0,True,True,True,1
CUU,Leu,Stop,1.0,True,True,True,1
CUA,Leu,Arg,1.0,True,True,True,1
CUA,Leu,Pro,1.0,True,True,True,1
CUA,Leu,Ser,1.0,True,True,True,1
CUA,Leu,Stop,1.0,True,True,True,1
CUG,Leu,Arg,1.0,True,True,True,1
CUG,Leu,Pro,1.0,True,True,True,1
CUG,Leu,Ser,1.0,True,True,True,1
CUG,Leu,Stop,1.0,True,True,True,1
CAC,His,Arg,1.0,True,True,True,1
CAC,His,Asn,1.0,True,True,True,1
CAC,His,Gln,1.0,True,True,True,1
CAC,His,Pro,1.0,True,True,True,1
CAC,His,Ser,1.0,True,True,True,1
CAC,His,Stop,1.0,True,True,True,1
CAC,His,Tyr,1.0,True,True,True,1
CAU,His,Arg,1.0,True,True,True,1
CAU,His,Asn,1.0,True,True,True,1
CAU,His,Gln,1.0,True,True,True,1
CAU,His,Pro,1.0,True,True,True,1
CAU,His,Ser,1.0,True,True,True,1
CAU,His,Stop,1.0,True,True,True,1
CAU,His,Tyr,1.0,True,True,True,1
CAA,Gln,Arg,1.0,True,True,True,1
CAA,Gln,His,1.0,True,True,True,1
CAA,Gln,Lys,1.0,True,True,True,1
CAA,Gln,Pro,1.0,True,True,True,1
CAA,Gln,Ser,1.0,True,True,True,1
CAA,Gln,Stop,1.0,True,True,True,1
CAG,Gln,Arg,1.0,True,True,True,1
CAG,Gln,His,1.0,True,True,True,1
CAG,Gln,Lys,1.0,True,True,True,1
CAG,Gln,Pro,1.0,True,True,True,1
CAG,Gln,Ser,1.0,True,True,True,1
CAG,Gln,Stop,1.0,True,True,True,1
CGC,Arg,Cys,1.0,True,True,True,1
CGC,Arg,His,1.0,True,True,True,1
CGC,Arg,Leu,1.0,True,True,True,1
CGC,Arg,Ser,1.0,True,True,True,1
CGC,Arg,Stop,1.0,True,True,True,1
CGU,Arg,Cys,1.0,True,True,True,1
CGU,Arg,His,1.0,True,True,True,1
CGU,Arg,Leu,1.0,True,True,True,1
CGU,Arg,Ser,1.0,True,True,True,1
CGU,Arg,Stop,1.0,True,True,True,1
CGA,Arg,Gln,1.0,True,True,True,1
CGA,Arg,Leu,1.0,True,True,True,1
CGA,Arg,Ser,1.0,True,True,True,1
CGA,Arg,Stop,1.0,True,True,True,1
CGG,Arg,Gln,1.0,True,True,True,1
CGG,Arg,Leu,1.0,True,True,True,1
CGG,Arg,Ser,1.0,True,True,True,1
CGG,Arg,Stop,1.0,True,True,True,1
UCC,Ser,Ala,1.0,True,True,True,1
UCC,Ser,Phe,1.0,True,True,True,1
UCC,Ser,Pro,1.0,True,True,True,1
UCC,Ser,Stop,1.0,True,True,True,1
UCC,Ser,Tyr,1.0,True,True,True,1
UCU,Ser,Ala,1.0,True,True,True,1
UCU,Ser,Phe,1.0,True,True,True,1
UCU,Ser,Pro,1.0,True,True,True,1
UCU,Ser,Stop,1.0,True,True,True,1
UCU,Ser,Tyr,1.0,True,True,True,1
UCA,Ser,Ala,1.0,True,True,True,1
UCA,Ser,Leu,1.0,True,True,True,1
UCA,Ser,Pro,1.0,True,True,True,1
UCA,Ser,Stop,1.0,True,True,True,1
UCG,Ser,Ala,1.0,True,True,True,1
UCG,Ser,Leu,1.0,True,True,True,1
UCG,Ser,Pro,1.0,True,True,True,1
UCG,Ser,Stop,1.0,True,True,True,1
UUC,Phe,Cys,1.0,True,True,True,1
UUC,Phe,Leu,1.0,True,True,True,1
UUC,Phe,Ser,1.0,True,True,True,1
UUC,Phe,Stop,1.0,True,True,True,1
UUC,Phe,Val,1.0,True,True,True,1
UUU,Phe,Cys,1.0,True,True,True,1
UUU,Phe,Leu,1.0,True,True,True,1
UUU,Phe,Ser,1.0,True,True,True,1
UUU,Phe,Stop,1.0,True,True,True,1
UUU,Phe,Val,1.0,True,True,True,1
UUA,Leu,Phe,1.0,True,True,True,1
UUA,Leu,Ser,1.0,True,True,True,1
UUA,Leu,Stop,1.0,True,True,True,1
UUA,Leu,Val,1.0,True,True,True,1
UUG,Leu,Phe,1.0,True,True,True,1
UUG,Leu,Ser,1.0,True,True,True,1
UUG,Leu,Stop,1.0,True,True,True,1
UUG,Leu,Val,1.0,True,True,True,1
UAC,Tyr,Asp,1.0,True,True,True,1
UAC,Tyr,Cys,1.0,True,True,True,1
UAC,Tyr,His,1.0,True,True,True,1
UAC,Tyr,Ser,1.0,True,True,True,1
UAC,Tyr,Stop,1.0,True,True,True,1
UAU,Tyr,Asp,1.0,True,True,True,1
UAU,Tyr,Cys,1.0,True,True,True,1
UAU,Tyr,His,1.0,True,True,True,1
UAU,Tyr,Ser,1.0,True,True,True,1
UAU,Tyr,Stop,1.0,True,True,True,1
UAA,Stop,Gln,1.0,True,True,True,1
UAA,Stop,Glu,1.0,True,True,True,1
UAA,Stop,Ser,1.0,True,True,True,1
UAA,Stop,Tyr,1.0,True,True,True,1
UAG,Stop,Gln,1.0,True,True,True,1
UAG,Stop,Glu,1.0,True,True,True,1
UAG,Stop,Ser,1.0,True,True,True,1
UAG,Stop,Tyr,1.0,True,True,True,1
UGC,Cys,Arg,1.0,True,True,True,1
UGC,Cys,Gly,1.0,True,True,True,1
UGC,Cys,Phe,1.0,True,True,True,1
UGC,Cys,Ser,1.0,True,True,True,1
UGC,Cys,Stop,1.0,True,True,True,1
UGC,Cys,Tyr,1.0,True,True,True,1
UGU,Cys,Arg,1.0,True,True,True,1
UGU,Cys,Gly,1.0,True,True,True,1
UGU,Cys,Phe,1.0,True,True,True,1
UGU,Cys,Ser,1.0,True,True,True,1
UGU,Cys,Stop,1.0,True,True,True,1
UGU,Cys,Tyr,1.0,True,True,True,1
UGA,Stop,Arg,1.0,True,True,True,1
UGA,Stop,Cys,1.0,True,True,True,1
UGA,Stop,Gly,1.0,True,True,True,1
UGA,Stop,Leu,1.0,True,True,True,1
UGA,Stop,Ser,1.0,True,True,True,1
UGA,Stop,Trp,1.0,True,True,True,1
UGG,Trp,Arg,1.0,True,True,True,1
UGG,Trp,Cys,1.0,True,True,True,1
UGG,Trp,Gly,1.0,True,True,True,1
UGG,Trp,Leu,1.0,True,True,True,1
UGG,Trp,Ser,1.0,True,True,True,1
UGG,Trp,Stop,1.0,True,True,True,1
ACC,Thr,Ala,1.0,True,True,True,1
ACC,Thr,Asn,1.0,True,True,True,1
ACC,Thr,Pro,1.0,True,True,True,1
ACC,Thr,Ser,1.0,True,True,True,1
ACC,Thr,Stop,1.0,True,True,True,1
ACU,Thr,Ala,1.0,True,True,True,1
ACU,Thr,Asn,1.0,True,True,True,1
ACU,Thr,Pro,1.0,True,True,True,1
ACU,Thr,Ser,1.0,True,True,True,1
ACU,Thr,Stop,1.0,True,True,True,1
ACA,Thr,Ala,1.0,True,True,True,1
ACA,Thr,Lys,1.0,True,True,True,1
ACA,Thr,Pro,1.0,True,True,True,1
ACA,Thr,Ser,1.0,True,True,True,1
ACA,Thr,Stop,1.0,True,True,True,1
ACG,Thr,Ala,1.0,True,True,True,1
ACG,Thr,Lys,1.0,True,True,True,1
ACG,Thr,Pro,1.0,True,True,True,1
ACG,Thr,Ser,1.0,True,True,True,1
ACG,Thr,Stop,1.0,True,True,True,1
AUA,Ile,Arg,1.0,True,True,True,1
AUA,Ile,Leu,1.0,True,True,True,1
AUA,Ile,Met,1.0,True,True,True,1
AUA,Ile,Ser,1.0,True,True,True,1
AUA,Ile,Stop,1.0,True,True,True,1
AUA,Ile,Thr,1.0,True,True,True,1
AUA,Ile,Val,1.0,True,True,True,1
AUG,Met,Arg,1.0,True,True,True,1
AUG,Met,Ile,1.0,True,True,True,1
AUG,Met,Leu,1.0,True,True,True,1
AUG,Met,Ser,1.0,True,True,True,1
AUG,Met,Stop,1.0,True,True,True,1
AUG,Met,Thr,1.0,True,True,True,1
AUG,Met,Val,1.0,True,True,True,1
AAC,Asn,Asp,1.0,True,True,True,1
AAC,Asn,His,1.0,True,True,True,1
AAC,Asn,Lys,1.0,True,True,True,1
AAC,Asn,Ser,1.0,True,True,True,1
AAC,Asn,Stop,1.0,True,True,True,1
AAC,Asn,Thr,1.0,True,True,True,1
AAU,Asn,Asp,1.0,True,True,True,1
AAU,Asn,His,1.0,True,True,True,1
AAU,Asn,Lys,1.0,True,True,True,1
AAU,Asn,Ser,1.0,True,True,True,1
AAU,Asn,Stop,1.0,True,True,True,1
AAU,Asn,Thr,1.0,True,True,True,1
AAA,Lys,Arg,1.0,True,True,True,1
AAA,Lys,Asn,1.0,True,True,True,1
AAA,Lys,Gln,1.0,True,True,True,1
AAA,Lys,Glu,1.0,True,True,True,1
AAA,Lys,Ser,1.0,True,True,True,1
AAA,Lys,Stop,1.0,True,True,True,1
AAA,Lys,Thr,1.0,True,True,True,1
AAG,Lys,Arg,1.0,True,True,True,1
AAG,Lys,Asn,1.0,True,True,True,1
AAG,Lys,Gln,1.0,True,True,True,1
AAG,Lys,Glu,1.0,True,True,True,1
AAG,Lys,Ser,1.0,True,True,True,1
AAG,Lys,Stop,1.0,True,True,True,1
AAG,Lys,Thr,1.0,True,True,True,1
AGC,Ser,Arg,1.0,True,True,True,1
AGC,Ser,Asn,1.0,True,True,True,1
AGC,Ser,Gly,1.0,True,True,True,1
AGC,Ser,Stop,1.0,True,True,True,1
AGU,Ser,Arg,1.0,True,True,True,1
AGU,Ser,Asn,1.0,True,True,True,1
AGU,Ser,Gly,1.0,True,True,True,1
AGU,Ser,Stop,1.0,True,True,True,1
AGA,Arg,Gly,1.0,True,True,True,1
AGA,Arg,Lys,1.0,True,True,True,1
AGA,Arg,Ser,1.0,True,True,True,1
AGA,Arg,Stop,1.0,True,True,True,1
AGG,Arg,Gly,1.0,True,True,True,1
AGG,Arg,Lys,1.0,True,True,True,1
AGG,Arg,Ser,1.0,True,True,True,1
AGG,Arg,Stop,1.0,True,True,True,1
GCC,Ala,Asp,1.0,True,True,True,1
GCC,Ala,Ser,1.0,True,True,True,1
GCC,Ala,Stop,1.0,True,True,True,1
GCC,Ala,Thr,1.0,True,True,True,1
GCC,Ala,Val,1.0,True,True,True,1
GCU,Ala,Asp,1.0,True,True,True,1
GCU,Ala,Ser,1.0,True,True,True,1
GCU,Ala,Stop,1.0,True,True,True,1
GCU,Ala,Thr,1.0,True,True,True,1
GCU,Ala,Val,1.0,True,True,True,1
GCA,Ala,Glu,1.0,True,True,True,1
GCA,Ala,Ser,1.0,True,True,True,1
GCA,Ala,Stop,1.0,True,True,True,1
GCA,Ala,Thr,1.0,True,True,True,1
GCA,Ala,Val,1.0,True,True,True,1
GCG,Ala,Glu,1.0,True,True,True,1
GCG,Ala,Ser,1.0,True,True,True,1
GCG,Ala,Stop,1.0,True,True,True,1
GCG,Ala,Thr,1.0,True,True,True,1
GCG,Ala,Val,1.0,True,True,True,1
GUC,Val,Ala,1.0,True,True,True,1
GUC,Val,Gly,1.0,True,True,True,1
GUC,Val,Phe,1.0,True,True,True,1
GUC,Val,Ser,1.0,True,True,True,1
GUC,Val,Stop,1.0,True,True,True,1
GUU,Val,Ala,1.0,True,True,True,1
GUU,Val,Gly,1.0,True,True,True,1
GUU,Val,Phe,1.0,True,True,True,1
GUU,Val,Ser,1.0,True,True,True,1
GUU,Val,Stop,1.0,True,True,True,1
GUA,Val,Ala,1.0,True,True,True,1
GUA,Val,Gly,1.0,True,True,True,1
GUA,Val,Leu,1.0,True,True,True,1
GUA,Val,Ser,1.0,True,True,True,1
GUA,Val,Stop,1.0,True,True,True,1
GUG,Val,Ala,1.0,True,True,True,1
GUG,Val,Gly,1.0,True,True,True,1
GUG,Val,Leu,1.0,True,True,True,1
GUG,Val,Ser,1.0,True,True,True,1
GUG,Val,Stop,1.0,True,True,True,1
GAC,Asp,Ala,1.0,True,True,True,1
GAC,Asp,Asn,1.0,True,True,True,1
GAC,Asp,Glu,1.0,True,True,True,1
GAC,Asp,Gly,1.0,True,True,True,1
GAC,Asp,Ser,1.0,True,True,True,1
GAC,Asp,Stop,1.0,True,True,True,1
GAC,Asp,Tyr,1.0,True,True,True,1
GAU,Asp,Ala,1.0,True,True,True,1
GAU,Asp,Asn,1.0,True,True,True,1
GAU,Asp,Glu,1.0,True,True,True,1
GAU,Asp,Gly,1.0,True,True,True,1
GAU,Asp,Ser,1.0,True,True,True,1
GAU,Asp,Stop,1.0,True,True,True,1
GAU,Asp,Tyr,1.0,True,True,True,1
GAA,Glu,Ala,1.0,True,True,True,1
GAA,Glu,Asp,1.0,True,True,True,1
GAA,Glu,Gly,1.0,True,True,True,1
GAA,Glu,Lys,1.0,True,True,True,1
GAA,Glu,Ser,1.0,True,True,True,1
GAA,Glu,Stop,1.0,True,True,True,1
GAG,Glu,Ala,1.0,True,True,True,1
GAG,Glu,Asp,1.0,True,True,True,1
GAG,Glu,Gly,1.0,True,True,True,1
GAG,Glu,Lys,1.0,True,True,True,1
GAG,Glu,Ser,1.0,True,True,True,1
GAG,Glu,Stop,1.0,True,True,True,1
GGC,Gly,Asp,1.0,True,True,True,1
GGC,Gly,Cys,1.0,True,True,True,1
GGC,Gly,Ser,1.0,True,True,True,1
GGC,Gly,Stop,1.0,True,True,True,1
GGC,Gly,Val,1.0,True,True,True,1
GGU,Gly,Asp,1.0,True,True,True,1
GGU,Gly,Cys,1.0,True,True,True,1
GGU,Gly,Ser,1.0,True,True,True,1
GGU,Gly,Stop,1.0,True,True,True,1
GGU,Gly,Val,1.0,True,True,True,1
GGA,Gly,Arg,1.0,True,True,True,1
GGA,Gly,Glu,1.0,True,True,True,1
GGA,Gly,Ser,1.0,True,True,True,1
GGA,Gly,Stop,1.0,True,True,True,1
GGA,Gly,Val,1.0,True,True,True,1
GGG,Gly,Arg,1.0,True,True,True,1
GGG,Gly,Glu,1.0,True,True,True,1
GGG,Gly,Ser,1.0,True,True,True,1
GGG,Gly,Stop,1.0,True,True,True,1
GGG,Gly,Val,1.0,True,True,True,1
CCC,Pro,Ala,0.8,True,True,True,2
CCC,Pro,Arg,0.8,True,True,True,2
CCC,Pro,Asn,0.8,True,True,True,2
CCC,Pro,Asp,0.8,True,True,True,2
CCC,Pro,Cys,0.8,True,True,True,2
CCC,Pro,Gln,0.8,True,True,True,2
CCC,Pro,Glu,0.8,True,True,True,2
CCC,Pro,Gly,0.8,True,True,True,2
CCC,Pro,Lys,0.8,True,True,True,2
CCC,Pro,Phe,0.8,True,True,True,2
CCC,Pro,Tyr,0.8,True,True,True,2
CCC,Pro,Val,0.8,True,True,True,2
CCU,Pro,Ala,0.8,True,True,True,2
CCU,Pro,Arg,0.8,True,True,True,2
CCU,Pro,Asn,0.8,True,True,True,2
CCU,Pro,Asp,0.8,True,True,True,2
CCU,Pro,Cys,0.8,True,True,True,2
CCU,Pro,Gln,0.8,True,True,True,2
CCU,Pro,Glu,0.8,True,True,True,2
CCU,Pro,Gly,0.8,True,True,True,2
CCU,Pro,Lys,0.8,True,True,True,2
CCU,Pro,Phe,0.8,True,True,True,2
CCU,Pro,Tyr,0.8,True,True,True,2
CCU,Pro,Val,0.8,True,True,True,2
CCA,Pro,Ala,0.8,True,True,True,2
CCA,Pro,Arg,0.8,True,True,True,2
CCA,Pro,Asn,0.8,True,True,True,2
CCA,Pro,Asp,0.8,True,True,True,2
CCA,Pro,Cys,0.8,True,True,True,2
CCA,Pro,Glu,0.8,True,True,True,2
CCA,Pro,Gly,0.8,True,True,True,2
CCA,Pro,His,0.8,True,True,True,2
CCA,Pro,Lys,0.8,True,True,True,2
CCA,Pro,Phe,0.8,True,True,True,2
CCA,Pro,Tyr,0.8,True,True,True,2
CCA,Pro,Val,0.8,True,True,True,2
CCG,Pro,Ala,0.8,True,True,True,2
CCG,Pro,Arg,0.8,True,True,True,2
CCG,Pro,Asn,0.8,True,True,True,2
CCG,Pro,Asp,0.8,True,True,True,2
CCG,Pro,Cys,0.8,True,True,True,2
CCG,Pro,Glu,0.8,True,True,True,2
CCG,Pro,Gly,0.8,True,True,True,2
CCG,Pro,His,0.8,True,True,True,2
CCG,Pro,Lys,0.8,True,True,True,2
CCG,Pro,Phe,0.8,True,True,True,2
CCG,Pro,Tyr,0.8,True,True,True,2
CCG,Pro,Val,0.8,True,True,True,2
CUC,Leu,Ala,0.8,True,True,True,2
CUC,Leu,Asn,0.8,True,True,True,2
CUC,Leu,Asp,0.8,True,True,True,2
CUC,Leu,Cys,0.8,True,True,True,2
CUC,Leu,Gln,0.8,True,True,True,2
CUC,Leu,Glu,0.8,True,True,True,2
CUC,Leu,Gly,0.8,True,True,True,2
CUC,Leu,His,0.8,True,True,True,2
CUC,Leu,Lys,0.8,True,True,True,2
CUC,Leu,Thr,0.8,True,True,True,2
CUC,Leu,Tyr,0.8,True,True,True,2
CUC,Leu,Val,0.8,True,True,True,2
CUU,Leu,Ala,0.8,True,True,True,2
CUU,Leu,Asn,0.8,True,True,True,2
CUU,Leu,Asp,0.8,True,True,True,2
CUU,Leu,Cys,0.8,True,True,True,2
CUU,Leu,Gln,0.8,True,True,True,2
CUU,Leu,Glu,0.8,True,True,True,2
CUU,Leu,Gly,0.8,True,True,True,2
CUU,Leu,His,0.8,True,True,True,2
CUU,Leu,Lys,0.8,True,True,True,2
CUU,Leu,Thr,0.8,True,True,True,2
CUU,Leu,Tyr,0.8,True,True,True,2
CUU,Leu,Val,0.8,True,True,True,2
CUA,Leu,Ala,0.8,True,True,True,2
CUA,Leu,Asn,0.8,True,True,True,2
CUA,Leu,Asp,0.8,True,True,True,2
CUA,Leu,Cys,0.8,True,True,True,2
CUA,Leu,Gln,0.8,True,True,True,2
CUA,Leu,Glu,0.8,True,True,True,2
CUA,Leu,Gly,0.8,True,True,True,2
CUA,Leu,His,0.8,True,True,True,2
CUA,Leu,Lys,0.8,True,True,True,2
CUA,Leu,Phe,0.8,True,True,True,2
CUA,Leu,Thr,0.8,True,True,True,2
CUA,Leu,Tyr,0.8,True,True,True,2
CUA,Leu,Val,0.8,True,True,True,2
CUG,Leu,Ala,0.8,True,True,True,2
CUG,Leu,Asn,0.8,True,True,True,2
CUG,Leu,Asp,0.8,True,True,True,2
CUG,Leu,Cys,0.8,True,True,True,2
CUG,Leu,Gln,0.8,True,True,True,2
CUG,Leu,Glu,0.8,True,True,True,2
CUG,Leu,Gly,0.8,True,True,True,2
CUG,Leu,His,0.8,True,True,True,2
CUG,Leu,Lys,0.8,True,True,True,2
CUG,Leu,Phe,0.8,True,True,True,2
CUG,Leu,Thr,0.8,True,True,True,2
CUG,Leu,Tyr,0.8,True,True,True,2
CUG,Leu,Val,0.8,True,True,True,2
CAC,His,Ala,0.8,True,True,True,2
CAC,His,Asp,0.8,True,True,True,2
CAC,His,Cys,0.8,True,True,True,2
CAC,His,Glu,0.8,True,True,True,2
CAC,His,Gly,0.8,True,True,True,2
CAC,His,Leu,0.8,True,True,True,2
CAC,His,Lys,0.8,True,True,True,2
CAC,His,Phe,0.8,True,True,True,2
CAC,His,Thr,0.8,True,True,True,2
CAC,His,Val,0.8,True,True,True,2
CAU,His,Ala,0.8,True,True,True,2
CAU,His,Asp,0.8,True,True,True,2
CAU,His,Cys,0.8,True,True,True,2
CAU,His,Glu,0.8,True,True,True,2
CAU,His,Gly,0.8,True,True,True,2
CAU,His,Leu,0.8,True,True,True,2
CAU,His,Lys,0.8,True,True,True,2
CAU,His,Phe,0.8,True,True,True,2
CAU,His,Thr,0.8,True,True,True,2
CAU,His,Val,0.8,True,True,True,2
CAA,Gln,Ala,0.8,True,True,True,2
CAA,Gln,Asn,0.8,True,True,True,2
CAA,Gln,Asp,0.8,True,True,True,2
CAA,Gln,Cys,0.8,True,True,True,2
CAA,Gln,Glu,0.8,True,True,True,2
CAA,Gln,Gly,0.8,True,True,True,2
CAA,Gln,Leu,0.8,True,True,True,2
CAA,Gln,Phe,0.8,True,True,True,2
CAA,Gln,Thr,0.8,True,True,True,2
CAA,Gln,Tyr,0.8,True,True,True,2
CAA,Gln,Val,0.8,True,True,True,2
CAG,Gln,Ala,0.8,True,True,True,2
CAG,Gln,Asn,0.8,True,True,True,2
CAG,Gln,Asp,0.8,True,True,True,2
CAG,Gln,Cys,0.8,True,True,True,2
CAG,Gln,Glu,0.8,True,True,True,2
CAG,Gln,Gly,0.8,True,True,True,2
CAG,Gln,Leu,0.8,True,True,True,2
CAG,Gln,Phe,0.8,True,True,True,2
CAG,Gln,Thr,0.8,True,True,True,2
CAG,Gln,Tyr,0.8,True,True,True,2
CAG,Gln,Val,0.8,True,True,True,2
CGC,Arg,Ala,0.8,True,True,True,2
CGC,Arg,Asn,0.8,True,True,True,2
CGC,Arg,Asp,0.8,True,True,True,2
CGC,Arg,Gln,0.8,True,True,True,2
CGC,Arg,Glu,0.8,True,True,True,2
CGC,Arg,Gly,0.8,True,True,True,2
CGC,Arg,Lys,0.8,True,True,True,2
CGC,Arg,Phe,0.8,True,True,True,2
CGC,Arg,Pro,0.8,True,True,True,2
CGC,Arg,Thr,0.8,True,True,True,2
CGC,Arg,Tyr,0.8,True,True,True,2
CGC,Arg,Val,0.8,True,True,True,2
CGU,Arg,Ala,0.8,True,True,True,2
CGU,Arg,Asn,0.8,True,True,True,2
CGU,Arg,Asp,0.8,True,True,True,2
CGU,Arg,Gln,0.8,True,True,True,2
CGU,Arg,Glu,0.8,True,True,True,2
CGU,Arg,Gly,0.8,True,True,True,2
CGU,Arg,Lys,0.8,True,True,True,2
CGU,Arg,Phe,0.8,True,True,True,2
CGU,Arg,Pro,0.8,True,True,True,2
CGU,Arg,Thr,0.8,True,True,True,2
CGU,Arg,Tyr,0.8,True,True,True,2
CGU,Arg,Val,0.8,True,True,True,2
CGA,Arg,Ala,0.8,True,True,True,2
CGA,Arg,Asn,0.8,True,True,True,2
CGA,Arg,Asp,0.8,True,True,True,2
CGA,Arg,Cys,0.8,True,True,True,2
CGA,Arg,Glu,0.8,True,True,True,2
CGA,Arg,Gly,0.8,True,True,True,2
CGA,Arg,His,0.8,True,True,True,2
CGA,Arg,Lys,0.8,True,True,True,2
CGA,Arg,Phe,0.8,True,True,True,2
CGA,Arg,Pro,0.8,True,True,True,2
CGA,Arg,Thr,0.8,True,True,True,2
CGA,Arg,Tyr,0.8,True,True,True,2
CGA,Arg,Val,0.8,True,True,True,2
CGG,Arg,Ala,0.8,True,True,True,2
CGG,Arg,Asn,0.8,True,True,True,2
CGG,Arg,Asp,0.8,True,True,True,2
CGG,Arg,Cys,0.8,True,True,True,2
CGG,Arg,Glu,0.8,True,True,True,2
CGG,Arg,Gly,0.8,True,True,True,2
CGG,Arg,His,0.8,True,True,True,2
CGG,Arg,Lys,0.8,True,True,True,2
CGG,Arg,Phe,0.8,True,True,True,2
CGG,Arg,Pro,0.8,True,True,True,2
CGG,Arg,Thr,0.8,True,True,True,2
CGG,Arg,Tyr,0.8,True,True,True,2
CGG,Arg,Val,0.8,True,True,True,2
UCC,Ser,Arg,0.8,True,True,True,2
UCC,Ser,Asn,0.8,True,True,True,2
UCC,Ser,Asp,0.8,True,True,True,2
UCC,Ser,Cys,0.8,True,True,True,2
UCC,Ser,Gln,0.8,True,True,True,2
UCC,Ser,Glu,0.8,True,True,True,2
UCC,Ser,Gly,0.8,True,True,True,2
UCC,Ser,His,0.8,True,True,True,2
UCC,Ser,Leu,0.8,True,True,True,2
UCC,Ser,Lys,0.8,True,True,True,2
UCC,Ser,Thr,0.8,True,True,True,2
UCC,Ser,Val,0.8,True,True,True,2
UCU,Ser,Arg,0.8,True,True,True,2
UCU,Ser,Asn,0.8,True,True,True,2
UCU,Ser,Asp,0.8,True,True,True,2
UCU,Ser,Cys,0.8,True,True,True,2
UCU,Ser,Gln,0.8,True,True,True,2
UCU,Ser,Glu,0.8,True,True,True,2
UCU,Ser,Gly,0.8,True,True,True,2
UCU,Ser,His,0.8,True,True,True,2
UCU,Ser,Leu,0.8,True,True,True,2
UCU,Ser,Lys,0.8,True,True,True,2
UCU,Ser,Thr,0.8,True,True,True,2
UCU,Ser,Val,0.8,True,True,True,2
UCA,Ser,Arg,0.8,True,True,True,2
UCA,Ser,Asn,0.8,True,True,True,2
UCA,Ser,Asp,0.8,True,True,True,2
UCA,Ser,Cys,0.8,True,True,True,2
UCA,Ser,Gln,0.8,True,True,True,2
UCA,Ser,Glu,0.8,True,True,True,2
UCA,Ser,Gly,0.8,True,True,True,2
UCA,Ser,His,0.8,True,True,True,2
UCA,Ser,Lys,0.8,True,True,True,2
UCA,Ser,Phe,0.8,True,True,True,2
UCA,Ser,Thr,0.8,True,True,True,2
UCA,Ser,Tyr,0.8,True,True,True,2
UCA,Ser,Val,0.8,True,True,True,2
UCG,Ser,Arg,0.8,True,True,True,2
UCG,Ser,Asn,0.8,True,True,True,2
UCG,Ser,Asp,0.8,True,True,True,2
UCG,Ser,Cys,0.8,True,True,True,2
UCG,Ser,Gln,0.8,True,True,True,2
UCG,Ser,Glu,0.8,True,True,True,2
UCG,Ser,Gly,0.8,True,True,True,2
UCG,Ser,His,0.8,True,True,True,2
UCG,Ser,Lys,0.8,True,True,True,2
UCG,Ser,Phe,0.8,True,True,True,2
UCG,Ser,Thr,0.8,True,True,True,2
UCG,Ser,Tyr,0.8,True,True,True,2
UCG,Ser,Val,0.8,True,True,True,2
UUC,Phe,Ala,0.8,True,True,True,2
UUC,Phe,Arg,0.8,True,True,True,2
UUC,Phe,Asn,0.8,True,True,True,2
UUC,Phe,Asp,0.8,True,True,True,2
UUC,Phe,Gln,0.8,True,True,True,2
UUC,Phe,Glu,0.8,True,True,True,2
UUC,Phe,Gly,0.8,True,True,True,2
UUC,Phe,His,0.8,True,True,True,2
UUC,Phe,Lys,0.8,True,True,True,2
UUC,Phe,Pro,0.8,True,True,True,2
UUC,Phe,Thr,0.8,True,True,True,2
UUC,Phe,Tyr,0.8,True,True,True,2
UUU,Phe,Ala,0.8,True,True,True,2
UUU,Phe,Arg,0.8,True,True,True,2
UUU,Phe,Asn,0.8,True,True,True,2
UUU,Phe,Asp,0.8,True,True,True,2
UUU,Phe,Gln,0.8,True,True,True,2
UUU,Phe,Glu,0.8,True,True,True,2
UUU,Phe,Gly,0.8,True,True,True,2
UUU,Phe,His,0.8,True,True,True,2
UUU,Phe,Lys,0.8,True,True,True,2
UUU,Phe,Pro,0.8,True,True,True,2
UUU,Phe,Thr,0.8,True,True,True,2
UUU,Phe,Tyr,0.8,True,True,True,2
UUA,Leu,Ala,0.8,True,True,True,2
UUA,Leu,Arg,0.8,True,True,True,2
UUA,Leu,Asn,0.8,True,True,True,2
UUA,Leu,Asp,0.8,True,True,True,2
UUA,Leu,Cys,0.8,True,True,True,2
UUA,Leu,Gln,0.8,True,True,True,2
UUA,Leu,Glu,0.8,True,True,True,2
UUA,Leu,Gly,0.8,True,True,True,2
UUA,Leu,His,0.8,True,True,True,2
UUA,Leu,Lys,0.8,True,True,True,2
UUA,Leu,Pro,0.8,True,True,True,2
UUA,Leu,Thr,0.8,True,True,True,2
UUA,Leu,Tyr,0.8,True,True,True,2
UUG,Leu,Ala,0.8,True,True,True,2
UUG,Leu,Arg,0.8,True,True,True,2
UUG,Leu,Asn,0.8,True,True,True,2
UUG,Leu,Asp,0.8,True,True,True,2
UUG,Leu,Cys,0.8,True,True,True,2
UUG,Leu,Gln,0.8,True,True,True,2
UUG,Leu,Glu,0.8,True,True,True,2
UUG,Leu,Gly,0.8,True,True,True,2
UUG,Leu,His,0.8,True,True,True,2
UUG,Leu,Lys,0.8,True,True,True,2
UUG,Leu,Pro,0.8,True,True,True,2
UUG,Leu,Thr,0.8,True,True,True,2
UUG,Leu,Tyr,0.8,True,True,True,2
UAC,Tyr,Ala,0.8,True,True,True,2
UAC,Tyr,Arg,0.8,True,True,True,2
UAC,Tyr,Asn,0.8,True,True,True,2
UAC,Tyr,Gln,0.8,True,True,True,2
UAC,Tyr,Glu,0.8,True,True,True,2
UAC,Tyr,Gly,0.8,True,True,True,2
UAC,Tyr,Leu,0.8,True,True,True,2
UAC,Tyr,Lys,0.8,True,True,True,2
UAC,Tyr,Phe,0.8,True,True,True,2
UAC,Tyr,Pro,0.8,True,True,True,2
UAC,Tyr,Thr,0.8,True,True,True,2
UAC,Tyr,Val,0.8,True,True,True,2
UAU,Tyr,Ala,0.8,True,True,True,2
UAU,Tyr,Arg,0.8,True,True,True,2
UAU,Tyr,Asn,0.8,True,True,True,2
UAU,Tyr,Gln,0.8,True,True,True,2
UAU,Tyr,Glu,0.8,True,True,True,2
UAU,Tyr,Gly,0.8,True,True,True,2
UAU,Tyr,Leu,0.8,True,True,True,2
UAU,Tyr,Lys,0.8,True,True,True,2
UAU,Tyr,Phe,0.8,True,True,True,2
UAU,Tyr,Pro,0.8,True,True,True,2
UAU,Tyr,Thr,0.8,True,True,True,2
UAU,Tyr,Val,0.8,True,True,True,2
UAA,Stop,Ala,0.8,True,True,True,2
UAA,Stop,Arg,0.8,True,True,True,2
UAA,Stop,Asn,0.8,True,True,True,2
UAA,Stop,Asp,0.8,True,True,True,2
UAA,Stop,Cys,0.8,True,True,True,2
UAA,Stop,Gly,0.8,True,True,True,2
UAA,Stop,His,0.8,True,True,True,2
UAA,Stop,Leu,0.8,True,True,True,2
UAA,Stop,Lys,0.8,True,True,True,2
UAA,Stop,Phe,0.8,True,True,True,2
UAA,Stop,Pro,0.8,True,True,True,2
UAA,Stop,Thr,0.8,True,True,True,2
UAA,Stop,Val,0.8,True,True,True,2
UAG,Stop,Ala,0.8,True,True,True,2
UAG,Stop,Arg,0.8,True,True,True,2
UAG,Stop,Asn,0.8,True,True,True,2
UAG,Stop,Asp,0.8,True,True,True,2
UAG,Stop,Cys,0.8,True,True,True,2
UAG,Stop,Gly,0.8,True,True,True,2
UAG,Stop,His,0.8,True,True,True,2
UAG,Stop,Leu,0.8,True,True,True,2
UAG,Stop,Lys,0.8,True,True,True,2
UAG,Stop,Phe,0.8,True,True,True,2
UAG,Stop,Pro,0.8,True,True,True,2
UAG,Stop,Thr,0.8,True,True,True,2
UAG,Stop,Val,0.8,True,True,True,2
UGC,Cys,Ala,0.8,True,True,True,2
UGC,Cys,Asn,0.8,True,True,True,2
UGC,Cys,Asp,0.8,True,True,True,2
UGC,Cys,Gln,0.8,True,True,True,2
UGC,Cys,Glu,0.8,True,True,True,2
UGC,Cys,His,0.8,True,True,True,2
UGC,Cys,Leu,0.8,True,True,True,2
UGC,Cys,Lys,0.8,True,True,True,2
UGC,Cys,Pro,0.8,True,True,True,2
UGC,Cys,Thr,0.8,True,True,True,2
UGC,Cys,Val,0.8,True,True,True,2
UGU,Cys,Ala,0.8,True,True,True,2
UGU,Cys,Asn,0.8,True,True,True,2
UGU,Cys,Asp,0.8,True,True,True,2
UGU,Cys,Gln,0.8,True,True,True,2
UGU,Cys,Glu,0.8,True,True,True,2
UGU,Cys,His,0.8,True,True,True,2
UGU,Cys,Leu,0.8,True,True,True,2
UGU,Cys,Lys,0.8,True,True,True,2
UGU,Cys,Pro,0.8,True,True,True,2
UGU,Cys,Thr,0.8,True,True,True,2
UGU,Cys,Val,0.8,True,True,True,2
UGA,Stop,Ala,0.8,True,True,True,2
UGA,Stop,Asn,0.8,True,True,True,2
UGA,Stop,Asp,0.8,True,True,True,2
UGA,Stop,Gln,0.8,True,True,True,2
UGA,Stop,Glu,0.8,True,True,True,2
UGA,Stop,His,0.8,True,True,True,2
UGA,Stop,Lys,0.8,True,True,True,2
UGA,Stop,Phe,0.8,True,True,True,2
UGA,Stop,Pro,0.8,True,True,True,2
UGA,Stop,Thr,0.8,True,True,True,2
UGA,Stop,Tyr,0.8,True,True,True,2
UGA,Stop,Val,0.8,True,True,True,2
UGG,Trp,Ala,0.8,True,True,True,2
UGG,Trp,Asn,0.8,True,True,True,2
UGG,Trp,Asp,0.8,True,True,True,2
UGG,Trp,Gln,0.8,True,True,True,2
UGG,Trp,Glu,0.8,True,True,True,2
UGG,Trp,His,0.8,True,True,True,2
UGG,Trp,Lys,0.8,True,True,True,2
UGG,Trp,Phe,0.8,True,True,True,2
UGG,Trp,Pro,0.8,True,True,True,2
UGG,Trp,Thr,0.8,True,True,True,2
UGG,Trp,Tyr,0.8,True,True,True,2
UGG,Trp,Val,0.8,True,True,True,2
ACC,Thr,Arg,0.8,True,True,True,2
ACC,Thr,Asp,0.8,True,True,True,2
ACC,Thr,Cys,0.8,True,True,True,2
ACC,Thr,Gln,0.8,True,True,True,2
ACC,Thr,Glu,0.8,True,True,True,2
ACC,Thr,Gly,0.8,True,True,True,2
ACC,Thr,His,0.8,True,True,True,2
ACC,Thr,Leu,0.8,True,True,True,2
ACC,Thr,Lys,0.8,True,True,True,2
ACC,Thr,Phe,0.8,True,True,True,2
ACC,Thr,Tyr,0.8,True,True,True,2
ACC,Thr,Val,0.8,True,True,True,2
ACU,Thr,Arg,0.8,True,True,True,2
ACU,Thr,Asp,0.8,True,True,True,2
ACU,Thr,Cys,0.8,True,True,True,2
ACU,Thr,Gln,0.8,True,True,True,2
ACU,Thr,Glu,0.8,True,True,True,2
ACU,Thr,Gly,0.8,True,True,True,2
ACU,Thr,His,0.8,True,True,True,2
ACU,Thr,Leu,0.8,True,True,True,2
ACU,Thr,Lys,0.8,True,True,True,2
ACU,Thr,Phe,0.8,True,True,True,2
ACU,Thr,Tyr,0.8,True,True,True,2
ACU,Thr,Val,0.8,True,True,True,2
ACA,Thr,Arg,0.8,True,True,True,2
ACA,Thr,Asn,0.8,True,True,True,2
ACA,Thr,Asp,0.8,True,True,True,2
ACA,Thr,Cys,0.8,True,True,True,2
ACA,Thr,Gln,0.8,True,True,True,2
ACA,Thr,Glu,0.8,True,True,True,2
ACA,Thr,Gly,0.8,True,True,True,2
ACA,Thr,His,0.8,True,True,True,2
ACA,Thr,Leu,0.8,True,True,True,2
ACA,Thr,Phe,0.8,True,True,True,2
ACA,Thr,Tyr,0.8,True,True,True,2
ACA,Thr,Val,0.8,True,True,True,2
ACG,Thr,Arg,0.8,True,True,True,2
ACG,Thr,Asn,0.8,True,True,True,2
ACG,Thr,Asp,0.8,True,True,True,2
ACG,Thr,Cys,0.8,True,True,True,2
ACG,Thr,Gln,0.8,True,True,True,2
ACG,Thr,Glu,0.8,True,True,True,2
ACG,Thr,Gly,0.8,True,True,True,2
ACG,Thr,His,0.8,True,True,True,2
ACG,Thr,Leu,0.8,True,True,True,2
ACG,Thr,Phe,0.8,True,True,True,2
ACG,Thr,Tyr,0.8,True,True,True,2
ACG,Thr,Val,0.8,True,True,True,2
AUA,Ile,Ala,0.8,True,True,True,2
AUA,Ile,Asn,0.8,True,True,True,2
AUA,Ile,Asp,0.8,True,True,True,2
AUA,Ile,Cys,0.8,True,True,True,2
AUA,Ile,Gln,0.8,True,True,True,2
AUA,Ile,Glu,0.8,True,True,True,2
AUA,Ile,Gly,0.8,True,True,True,2
AUA,Ile,His,0.8,True,True,True,2
AUA,Ile,Lys,0.8,True,True,True,2
AUA,Ile,Phe,0.8,True,True,True,2
AUA,Ile,Pro,0.8,True,True,True,2
AUA,Ile,Tyr,0.8,True,True,True,2
AUG,Met,Ala,0.8,True,True,True,2
AUG,Met,Asn,0.8,True,True,True,2
AUG,Met,Asp,0.8,True,True,True,2
AUG,Met,Cys,0.8,True,True,True,2
AUG,Met,Gln,0.8,True,True,True,2
AUG,Met,Glu,0.8,True,True,True,2
AUG,Met,Gly,0.8,True,True,True,2
AUG,Met,His,0.8,True,True,True,2
AUG,Met,Lys,0.8,True,True,True,2
AUG,Met,Phe,0.8,True,True,True,2
AUG,Met,Pro,0.8,True,True,True,2
AUG,Met,Tyr,0.8,True,True,True,2
AAC,Asn,Ala,0.8,True,True,True,2
AAC,Asn,Arg,0.8,True,True,True,2
AAC,Asn,Cys,0.8,True,True,True,2
AAC,Asn,Gln,0.8,True,True,True,2
AAC,Asn,Glu,0.8,True,True,True,2
AAC,Asn,Gly,0.8,True,True,True,2
AAC,Asn,Leu,0.8,True,True,True,2
AAC,Asn,Phe,0.8,True,True,True,2
AAC,Asn,Pro,0.8,True,True,True,2
AAC,Asn,Tyr,0.8,True,True,True,2
AAC,Asn,Val,0.8,True,True,True,2
AAU,Asn,Ala,0.8,True,True,True,2
AAU,Asn,Arg,0.8,True,True,True,2
AAU,Asn,Cys,0.8,True,True,True,2
AAU,Asn,Gln,0.8,True,True,True,2
AAU,Asn,Glu,0.8,True,True,True,2
AAU,Asn,Gly,0.8,True,True,True,2
AAU,Asn,Leu,0.8,True,True,True,2
AAU,Asn,Phe,0.8,True,True,True,2
AAU,Asn,Pro,0.8,True,True,True,2
AAU,Asn,Tyr,0.8,True,True,True,2
AAU,Asn,Val,0.8,True,True,True,2
AAA,Lys,Ala,0.8,True,True,True,2
AAA,Lys,Asp,0.8,True,True,True,2
AAA,Lys,Cys,0.8,True,True,True,2
AAA,Lys,Gly,0.8,True,True,True,2
AAA,Lys,His,0.8,True,True,True,2
AAA,Lys,Leu,0.8,True,True,True,2
AAA,Lys,Phe,0.8,True,True,True,2
AAA,Lys,Pro,0.8,True,True,True,2
AAA,Lys,Tyr,0.8,True,True,True,2
AAA,Lys,Val,0.8,True,True,True,2
AAG,Lys,Ala,0.8,True,True,True,2
AAG,Lys,Asp,0.8,True,True,True,2
AAG,Lys,Cys,0.8,True,True,True,2
AAG,Lys,Gly,0.8,True,True,True,2
AAG,Lys,His,0.8,True,True,True,2
AAG,Lys,Leu,0.8,True,True,True,2
AAG,Lys,Phe,0.8,True,True,True,2
AAG,Lys,Pro,0.8,True,True,True,2
AAG,Lys,Tyr,0.8,True,True,True,2
AAG,Lys,Val,0.8,True,True,True,2
AGC,Ser,Ala,0.8,True,True,True,2
AGC,Ser,Asp,0.8,True,True,True,2
AGC,Ser,Cys,0.8,True,True,True,2
AGC,Ser,Gln,0.8,True,True,True,2
AGC,Ser,Glu,0.8,True,True,True,2
AGC,Ser,His,0.8,True,True,True,2
AGC,Ser,Leu,0.8,True,True,True,2
AGC,Ser,Lys,0.8,True,True,True,2
AGC,Ser,Phe,0.8,True,True,True,2
AGC,Ser,Pro,0.8,True,True,True,2
AGC,Ser,Thr,0.8,True,True,True,2
AGC,Ser,Tyr,0.8,True,True,True,2
AGC,Ser,Val,0.8,True,True,True,2
AGU,Ser,Ala,0.8,True,True,True,2
AGU,Ser,Asp,0.8,True,True,True,2
AGU,Ser,Cys,0.8,True,True,True,2
AGU,Ser,Gln,0.8,True,True,True,2
AGU,Ser,Glu,0.8,True,True,True,2
AGU,Ser,His,0.8,True,True,True,2
AGU,Ser,Leu,0.8,True,True,True,2
AGU,Ser,Lys,0.8,True,True,True,2
AGU,Ser,Phe,0.8,True,True,True,2
AGU,Ser,Pro,0.8,True,True,True,2
AGU,Ser,Thr,0.8,True,True,True,2
AGU,Ser,Tyr,0.8,True,True,True,2
AGU,Ser,Val,0.8,True,True,True,2
AGA,Arg,Ala,0.8,True,True,True,2
AGA,Arg,Asn,0.8,True,True,True,2
AGA,Arg,Asp,0.8,True,True,True,2
AGA,Arg,Cys,0.8,True,True,True,2
AGA,Arg,Gln,0.8,True,True,True,2
AGA,Arg,Glu,0.8,True,True,True,2
AGA,Arg,His,0.8,True,True,True,2
AGA,Arg,Leu,0.8,True,True,True,2
AGA,Arg,Phe,0.8,True,True,True,2
AGA,Arg,Pro,0.8,True,True,True,2
AGA,Arg,Thr,0.8,True,True,True,2
AGA,Arg,Tyr,0.8,True,True,True,2
AGA,Arg,Val,0.8,True,True,True,2
AGG,Arg,Ala,0.8,True,True,True,2
AGG,Arg,Asn,0.8,True,True,True,2
AGG,Arg,Asp,0.8,True,True,True,2
AGG,Arg,Cys,0.8,True,True,True,2
AGG,Arg,Gln,0.8,True,True,True,2
AGG,Arg,Glu,0.8,True,True,True,2
AGG,Arg,His,0.8,True,True,True,2
AGG,Arg,Leu,0.8,True,True,True,2
AGG,Arg,Phe,0.8,True,True,True,2
AGG,Arg,Pro,0.8,True,True,True,2
AGG,Arg,Thr,0.8,True,True,True,2
AGG,Arg,Tyr,0.8,True,True,True,2
AGG,Arg,Val,0.8,True,True,True,2
GCC,Ala,Arg,0.8,True,True,True,2
GCC,Ala,Asn,0.8,True,True,True,2
GCC,Ala,Cys,0.8,True,True,True,2
GCC,Ala,Gln,0.8,True,True,True,2
GCC,Ala,Glu,0.8,True,True,True,2
GCC,Ala,Gly,0.8,True,True,True,2
GCC,Ala,His,0.8,True,True,True,2
GCC,Ala,Leu,0.8,True,True,True,2
GCC,Ala,Lys,0.8,True,True,True,2
GCC,Ala,Phe,0.8,True,True,True,2
GCC,Ala,Pro,0.8,True,True,True,2
GCC,Ala,Tyr,0.8,True,True,True,2
GCU,Ala,Arg,0.8,True,True,True,2
GCU,Ala,Asn,0.8,True,True,True,2
GCU,Ala,Cys,0.8,True,True,True,2
GCU,Ala,Gln,0.8,True,True,True,2
GCU,Ala,Glu,0.8,True,True,True,2
GCU,Ala,Gly,0.8,True,True,True,2
GCU,Ala,His,0.8,True,True,True,2
GCU,Ala,Leu,0.8,True,True,True,2
GCU,Ala,Lys,0.8,True,True,True,2
GCU,Ala,Phe,0.8,True,True,True,2
GCU,Ala,Pro,0.8,True,True,True,2
GCU,Ala,Tyr,0.8,True,True,True,2
GCA,Ala,Arg,0.8,True,True,True,2
GCA,Ala,Asn,0.8,True,True,True,2
GCA,Ala,Asp,0.8,True,True,True,2
GCA,Ala,Cys,0.8,True,True,True,2
GCA,Ala,Gln,0.8,True,True,True,2
GCA,Ala,Gly,0.8,True,True,True,2
GCA,Ala,His,0.8,True,True,True,2
GCA,Ala,Leu,0.8,True,True,True,2
GCA,Ala,Lys,0.8,True,True,True,2
GCA,Ala,Phe,0.8,True,True,True,2
GCA,Ala,Pro,0.8,True,True,True,2
GCA,Ala,Tyr,0.8,True,True,True,2
GCG,Ala,Arg,0.8,True,True,True,2
GCG,Ala,Asn,0.8,True,True,True,2
GCG,Ala,Asp,0.8,True,True,True,2
GCG,Ala,Cys,0.8,True,True,True,2
GCG,Ala,Gln,0.8,True,True,True,2
GCG,Ala,Gly,0.8,True,True,True,2
GCG,Ala,His,0.8,True,True,True,2
GCG,Ala,Leu,0.8,True,True,True,2
GCG,Ala,Lys,0.8,True,True,True,2
GCG,Ala,Phe,0.8,True,True,True,2
GCG,Ala,Pro,0.8,True,True,True,2
GCG,Ala,Tyr,0.8,True,True,True,2
GUC,Val,Arg,0.8,True,True,True,2
GUC,Val,Asn,0.8,True,True,True,2
GUC,Val,Asp,0.8,True,True,True,2
GUC,Val,Cys,0.8,True,True,True,2
GUC,Val,Gln,0.8,True,True,True,2
GUC,Val,Glu,0.8,True,True,True,2
GUC,Val,His,0.8,True,True,True,2
GUC,Val,Leu,0.8,True,True,True,2
GUC,Val,Lys,0.8,True,True,True,2
GUC,Val,Pro,0.8,True,True,True,2
GUC,Val,Thr,0.8,True,True,True,2
GUC,Val,Tyr,0.8,True,True,True,2
GUU,Val,Arg,0.8,True,True,True,2
GUU,Val,Asn,0.8,True,True,True,2
GUU,Val,Asp,0.8,True,True,True,2
GUU,Val,Cys,0.8,True,True,True,2
GUU,Val,Gln,0.8,True,True,True,2
GUU,Val,Glu,0.8,True,True,True,2
GUU,Val,His,0.8,True,True,True,2
GUU,Val,Leu,0.8,True,True,True,2
GUU,Val,Lys,0.8,True,True,True,2
GUU,Val,Pro,0.8,True,True,True,2
GUU,Val,Thr,0.8,True,True,True,2
GUU,Val,Tyr,0.8,True,True,True,2
GUA,Val,Arg,0.8,True,True,True,2
GUA,Val,Asn,0.8,True,True,True,2
GUA,Val,Asp,0.8,True,True,True,2
GUA,Val,Cys,0.8,True,True,True,2
GUA,Val,Gln,0.8,True,True,True,2
GUA,Val,Glu,0.8,True,True,True,2
GUA,Val,His,0.8,True,True,True,2
GUA,Val,Lys,0.8,True,True,True,2
GUA,Val,Phe,0.8,True,True,True,2
GUA,Val,Pro,0.8,True,True,True,2
GUA,Val,Thr,0.8,True,True,True,2
GUA,Val,Tyr,0.8,True,True,True,2
GUG,Val,Arg,0.8,True,True,True,2
GUG,Val,Asn,0.8,True,True,True,2
GUG,Val,Asp,0.8,True,True,True,2
GUG,Val,Cys,0.8,True,True,True,2
GUG,Val,Gln,0.8,True,True,True,2
GUG,Val,Glu,0.8,True,True,True,2
GUG,Val,His,0.8,True,True,True,2
GUG,Val,Lys,0.8,True,True,True,2
GUG,Val,Phe,0.8,True,True,True,2
GUG,Val,Pro,0.8,True,True,True,2
GUG,Val,Thr,0.8,True,True,True,2
GUG,Val,Tyr,0.8,True,True,True,2
GAC,Asp,Arg,0.8,True,True,True,2
GAC,Asp,Cys,0.8,True,True,True,2
GAC,Asp,Gln,0.8,True,True,True,2
GAC,Asp,His,0.8,True,True,True,2
GAC,Asp,Leu,0.8,True,True,True,2
GAC,Asp,Lys,0.8,True,True,True,2
GAC,Asp,Phe,0.8,True,True,True,2
GAC,Asp,Pro,0.8,True,True,True,2
GAC,Asp,Thr,0.8,True,True,True,2
GAC,Asp,Val,0.8,True,True,True,2
GAU,Asp,Arg,0.8,True,True,True,2
GAU,Asp,Cys,0.8,True,True,True,2
GAU,Asp,Gln,0.8,True,True,True,2
GAU,Asp,His,0.8,True,True,True,2
GAU,Asp,Leu,0.8,True,True,True,2
GAU,Asp,Lys,0.8,True,True,True,2
GAU,Asp,Phe,0.8,True,True,True,2
GAU,Asp,Pro,0.8,True,True,True,2
GAU,Asp,Thr,0.8,True,True,True,2
GAU,Asp,Val,0.8,True,True,True,2
GAA,Glu,Arg,0.8,True,True,True,2
GAA,Glu,Asn,0.8,True,True,True,2
GAA,Glu,Cys,0.8,True,True,True,2
GAA,Glu,Gln,0.8,True,True,True,2
GAA,Glu,His,0.8,True,True,True,2
GAA,Glu,Leu,0.8,True,True,True,2
GAA,Glu,Phe,0.8,True,True,True,2
GAA,Glu,Pro,0.8,True,True,True,2
GAA,Glu,Thr,0.8,True,True,True,2
GAA,Glu,Tyr,0.8,True,True,True,2
GAA,Glu,Val,0.8,True,True,True,2
GAG,Glu,Arg,0.8,True,True,True,2
GAG,Glu,Asn,0.8,True,True,True,2
GAG,Glu,Cys,0.8,True,True,True,2
GAG,Glu,Gln,0.8,True,True,True,2
GAG,Glu,His,0.8,True,True,True,2
GAG,Glu,Leu,0.8,True,True,True,2
GAG,Glu,Phe,0.8,True,True,True,2
GAG,Glu,Pro,0.8,True,True,True,2
GAG,Glu,Thr,0.8,True,True,True,2
GAG,Glu,Tyr,0.8,True,True,True,2
GAG,Glu,Val,0.8,True,True,True,2
GGC,Gly,Ala,0.8,True,True,True,2
GGC,Gly,Arg,0.8,True,True,True,2
GGC,Gly,Asn,0.8,True,True,True,2
GGC,Gly,Gln,0.8,True,True,True,2
GGC,Gly,Glu,0.8,True,True,True,2
GGC,Gly,His,0.8,True,True,True,2
GGC,Gly,Leu,0.8,True,True,True,2
GGC,Gly,Lys,0.8,True,True,True,2
GGC,Gly,Phe,0.8,True,True,True,2
GGC,Gly,Pro,0.8,True,True,True,2
GGC,Gly,Thr,0.8,True,True,True,2
GGC,Gly,Tyr,0.8,True,True,True,2
GGU,Gly,Ala,0.8,True,True,True,2
GGU,Gly,Arg,0.8,True,True,True,2
GGU,Gly,Asn,0.8,True,True,True,2
GGU,Gly,Gln,0.8,True,True,True,2
GGU,Gly,Glu,0.8,True,True,True,2
GGU,Gly,His,0.8,True,True,True,2
GGU,Gly,Leu,0.8,True,True,True,2
GGU,Gly,Lys,0.8,True,True,True,2
GGU,Gly,Phe,0.8,True,True,True,2
GGU,Gly,Pro,0.8,True,True,True,2
GGU,Gly,Thr,0.8,True,True,True,2
GGU,Gly,Tyr,0.8,True,True,True,2
GGA,Gly,Ala,0.8,True,True,True,2
GGA,Gly,Asn,0.8,True,True,True,2
GGA,Gly,Asp,0.8,True,True,True,2
GGA,Gly,Cys,0.8,True,True,True,2
GGA,Gly,Gln,0.8,True,True,True,2
GGA,Gly,His,0.8,True,True,True,2
GGA,Gly,Leu,0.8,True,True,True,2
GGA,Gly,Lys,0.8,True,True,True,2
GGA,Gly,Phe,0.8,True,True,True,2
GGA,Gly,Pro,0.8,True,True,True,2
GGA,Gly,Thr,0.8,True,True,True,2
GGA,Gly,Tyr,0.8,True,True,True,2
GGG,Gly,Ala,0.8,True,True,True,2
GGG,Gly,Asn,0.8,True,True,True,2
GGG,Gly,Asp,0.8,True,True,True,2
GGG,Gly,Cys,0.8,True,True,True,2
GGG,Gly,Gln,0.8,True,True,True,2
GGG,Gly,His,0.8,True,True,True,2
GGG,Gly,Leu,0.8,True,True,True,2
GGG,Gly,Lys,0.8,True,True,True,2
GGG,Gly,Phe,0.8,True,True,True,2
GGG,Gly,Pro,0.8,True,True,True,2
GGG,Gly,Thr,0.8,True,True,True,2
GGG,Gly,Tyr,0.8,True,True,True,2
CUC,Leu,Ile,0.75,True,False,True,1
CUU,Leu,Ile,0.75,True,False,True,1
CUA,Leu,Ile,0.75,True,False,True,1
CUG,Leu,Met,0.75,False,True,True,1
CGG,Arg,Trp,0.75,False,True,True,1
UUG,Leu,Trp,0.75,False,True,True,1
UAG,Stop,Trp,0.75,False,True,True,1
UGU,Cys,Trp,0.75,False,True,True,1
ACC,Thr,Ile,0.75,True,False,True,1
ACU,Thr,Ile,0.75,True,False,True,1
ACA,Thr,Ile,0.75,True,False,True,1
ACG,Thr,Met,0.75,False,True,True,1
AUU,Ile,Leu,0.75,False,True,True,1
AUU,Ile,Met,0.75,False,True,True,1
AUU,Ile,Ser,0.75,False,True,True,1
AUU,Ile,Stop,0.75,False,True,True,1
AUU,Ile,Thr,0.75,False,True,True,1
AUU,Ile,Val,0.75,False,True,True,1
AGC,Ser,Ile,0.75,True,False,True,1
AGU,Ser,Ile,0.75,True,False,True,1
AGA,Arg,Ile,0.75,True,False,True,1
AGG,Arg,Met,0.75,False,True,True,1
GUC,Val,Ile,0.75,True,False,True,1
GUU,Val,Ile,0.75,True,False,True,1
GUA,Val,Ile,0.75,True,False,True,1
GUG,Val,Met,0.75,False,True,True,1
GGG,Gly,Trp,0.75,False,True,True,1
CCC,Pro,Ile,0.55,True,False,True,2
CCC,Pro,Met,0.55,False,True,True,2
CCC,Pro,Trp,0.55,False,True,True,2
CCU,Pro,Ile,0.55,True,False,True,2
CCU,Pro,Met,0.55,False,True,True,2
CCU,Pro,Trp,0.55,False,True,True,2
CCA,Pro,Ile,0.55,True,False,True,2
CCA,Pro,Met,0.55,False,True,True,2
CCA,Pro,Trp,0.55,False,True,True,2
CCG,Pro,Ile,0.55,True,False,True,2
CCG,Pro,Met,0.55,False,True,True,2
CCG,Pro,Trp,0.55,False,True,True,2
CUC,Leu,Met,0.55,False,True,True,2
CUC,Leu,Trp,0.55,False,True,True,2
CUU,Leu,Met,0.55,False,True,True,2
CUU,Leu,Trp,0.55,False,True,True,2
CUA,Leu,Met,0.55,False,True,True,2
CUA,Leu,Trp,0.55,False,True,True,2
CUG,Leu,Ile,0.55,True,False,True,2
CUG,Leu,Trp,0.55,False,True,True,2
CAC,His,Ile,0.55,True,False,True,2
CAC,His,Met,0.55,False,True,True,2
CAC,His,Trp,0.55,False,True,True,2
CAU,His,Ile,0.55,True,False,True,2
CAU,His,Met,0.55,False,True,True,2
CAU,His,Trp,0.55,False,True,True,2
CAA,Gln,Ile,0.55,True,False,True,2
CAA,Gln,Met,0.55,False,True,True,2
CAA,Gln,Trp,0.55,False,True,True,2
CAG,Gln,Ile,0.55,True,False,True,2
CAG,Gln,Met,0.55,False,True,True,2
CAG,Gln,Trp,0.55,False,True,True,2
CGC,Arg,Ile,0.55,True,False,True,2
CGC,Arg,Met,0.55,False,True,True,2
CGC,Arg,Trp,0.55,False,True,True,2
CGU,Arg,Ile,0.55,True,False,True,2
CGU,Arg,Met,0.55,False,True,True,2
CGU,Arg,Trp,0.55,False,True,True,2
CGA,Arg,Ile,0.55,True,False,True,2
CGA,Arg,Met,0.55,False,True,True,2
CGA,Arg,Trp,0.55,False,True,True,2
CGG,Arg,Ile,0.55,True,False,True,2
CGG,Arg,Met,0.55,False,True,True,2
UCC,Ser,Ile,0.55,True,False,True,2
UCC,Ser,Met,0.55,False,True,True,2
UCC,Ser,Trp,0.55,False,True,True,2
UCU,Ser,Ile,0.55,True,False,True,2
UCU,Ser,Met,0.55,False,True,True,2
UCU,Ser,Trp,0.55,False,True,True,2
UCA,Ser,Ile,0.55,True,False,True,2
UCA,Ser,Met,0.55,False,True,True,2
UCA,Ser,Trp,0.55,False,True,True,2
UCG,Ser,Ile,0.55,True,False,True,2
UCG,Ser,Met,0.55,False,True,True,2
UCG,Ser,Trp,0.55,False,True,True,2
UUC,Phe,Ile,0.55,True,False,True,2
UUC,Phe,Met,0.55,False,True,True,2
UUC,Phe,Trp,0.55,False,True,True,2
UUU,Phe,Ile,0.55,True,False,True,2
UUU,Phe,Met,0.55,False,True,True,2
UUU,Phe,Trp,0.55,False,True,True,2
UUA,Leu,Ile,0.55,True,False,True,2
UUA,Leu,Met,0.55,False,True,True,2
UUA,Leu,Trp,0.55,False,True,True,2
UUG,Leu,Ile,0.55,True,False,True,2
UUG,Leu,Met,0.55,False,True,True,2
UAC,Tyr,Ile,0.55,True,False,True,2
UAC,Tyr,Met,0.55,False,True,True,2
UAC,Tyr,Trp,0.55,False,True,True,2
UAU,Tyr,Ile,0.55,True,False,True,2
UAU,Tyr,Met,0.55,False,True,True,2
UAU,Tyr,Trp,0.55,False,True,True,2
UAA,Stop,Ile,0.55,True,False,True,2
UAA,Stop,Met,0.55,False,True,True,2
UAA,Stop,Trp,0.55,False,True,True,2
UAG,Stop,Ile,0.55,True,False,True,2
UAG,Stop,Met,0.55,False,True,True,2
UGC,Cys,Ile,0.55,True,False,True,2
UGC,Cys,Met,0.55,False,True,True,2
UGC,Cys,Trp,0.55,False,True,True,2
UGU,Cys,Ile,0.55,True,False,True,2
UGU,Cys,Met,0.55,False,True,True,2
UGA,Stop,Ile,0.55,True,False,True,2
UGA,Stop,Met,0.55,False,True,True,2
UGG,Trp,Ile,0.55,True,False,True,2
UGG,Trp,Met,0.55,False,True,True,2
ACC,Thr,Met,0.55,False,True,True,2
ACC,Thr,Trp,0.55,False,True,True,2
ACU,Thr,Met,0.55,False,True,True,2
ACU,Thr,Trp,0.55,False,True,True,2
ACA,Thr,Met,0.55,False,True,True,2
ACA,Thr,Trp,0.55,False,True,True,2
ACG,Thr,Ile,0.55,True,False,True,2
ACG,Thr,Trp,0.55,False,True,True,2
AUC,Ile,Ala,0.55,False,True,True,3
AUC,Ile,Arg,0.55,False,True,True,3
AUC,Ile,Asn,0.55,False,True,True,3
AUC,Ile,Asp,0.55,False,True,True,3
AUC,Ile,Cys,0.55,False,True,True,3
AUC,Ile,Gln,0.55,False,True,True,3
AUC,Ile,Glu,0.55,False,True,True,3
AUC,Ile,Gly,0.55,False,True,True,3
AUC,Ile,His,0.55,False,True,True,3
AUC,Ile,Leu,0.55,False,True,True,2
AUC,Ile,Lys,0.55,False,True,True,3
AUC,Ile,Met,0.55,False,True,True,3
AUC,Ile,Phe,0.55,False,True,True,3
AUC,Ile,Pro,0.55,False,True,True,3
AUC,Ile,Ser,0.55,False,True,True,2
AUC,Ile,Stop,0.55,False,True,True,2
AUC,Ile,Thr,0.55,False,True,True,2
AUC,Ile,Trp,0.55,False,True,True,3
AUC,Ile,Tyr,0.55,False,True,True,3
AUC,Ile,Val,0.55,False,True,True,2
AUU,Ile,Ala,0.55,False,True,True,2
AUU,Ile,Arg,0.55,False,True,True,2
AUU,Ile,Asn,0.55,False,True,True,2
AUU,Ile,Asp,0.55,False,True,True,2
AUU,Ile,Cys,0.55,False,True,True,2
AUU,Ile,Gln,0.55,False,True,True,2
AUU,Ile,Glu,0.55,False,True,True,2
AUU,Ile,Gly,0.55,False,True,True,2
AUU,Ile,His,0.55,False,True,True,2
AUU,Ile,Lys,0.55,False,True,True,2
AUU,Ile,Phe,0.55,False,True,True,2
AUU,Ile,Pro,0.55,False,True,True,2
AUU,Ile,Trp,0.55,False,True,True,2
AUU,Ile,Tyr,0.55,False,True,True,2
AUA,Ile,Trp,0.55,False,True,True,2
AUG,Met,Trp,0.55,False,True,True,2
AAC,Asn,Ile,0.55,True,False,True,2
AAC,Asn,Met,0.55,False,True,True,2
AAC,Asn,Trp,0.55,False,True,True,2
AAU,Asn,Ile,0.55,True,False,True,2
AAU,Asn,Met,0.55,False,True,True,2
AAU,Asn,Trp,0.55,False,True,True,2
AAA,Lys,Ile,0.55,True,False,True,2
AAA,Lys,Met,0.55,False,True,True,2
AAA,Lys,Trp,0.55,False,True,True,2
AAG,Lys,Ile,0.55,True,False,True,2
AAG,Lys,Met,0.55,False,True,True,2
AAG,Lys,Trp,0.55,False,True,True,2
AGC,Ser,Met,0.55,False,True,True,2
AGC,Ser,Trp,0.55,False,True,True,2
AGU,Ser,Met,0.55,False,True,True,2
AGU,Ser,Trp,0.55,False,True,True,2
AGA,Arg,Met,0.55,False,True,True,2
AGA,Arg,Trp,0.55,False,True,True,2
AGG,Arg,Ile,0.55,True,False,True,2
AGG,Arg,Trp,0.55,False,True,True,2
GCC,Ala,Ile,0.55,True,False,True,2
GCC,Ala,Met,0.55,False,True,True,2
GCC,Ala,Trp,0.55,False,True,True,2
GCU,Ala,Ile,0.55,True,False,True,2
GCU,Ala,Met,0.55,False,True,True,2
GCU,Ala,Trp,0.55,False,True,True,2
GCA,Ala,Ile,0.55,True,False,True,2
GCA,Ala,Met,0.55,False,True,True,2
GCA,Ala,Trp,0.55,False,True,True,2
GCG,Ala,Ile,0.55,True,False,True,2
GCG,Ala,Met,0.55,False,True,True,2
GCG,Ala,Trp,0.55,False,True,True,2
GUC,Val,Met,0.55,False,True,True,2
GUC,Val,Trp,0.55,False,True,True,2
GUU,Val,Met,0.55,False,True,True,2
GUU,Val,Trp,0.55,False,True,True,2
GUA,Val,Met,0.55,False,True,True,2
GUA,Val,Trp,0.55,False,True,True,2
GUG,Val,Ile,0.55,True,False,True,2
GUG,Val,Trp,0.55,False,True,True,2
GAC,Asp,Ile,0.55,True,False,True,2
GAC,Asp,Met,0.55,False,True,True,2
GAC,Asp,Trp,0.55,False,True,True,2
GAU,Asp,Ile,0.55,True,False,True,2
GAU,Asp,Met,0.55,False,True,True,2
GAU,Asp,Trp,0.55,False,True,True,2
GAA,Glu,Ile,0.55,True,False,True,2
GAA,Glu,Met,0.55,False,True,True,2
GAA,Glu,Trp,0.55,False,True,True,2
GAG,Glu,Ile,0.55,True,False,True,2
GAG,Glu,Met,0.55,False,True,True,2
GAG,Glu,Trp,0.55,False,True,True,2
GGC,Gly,Ile,0.55,True,False,True,2
GGC,Gly,Met,0.55,False,True,True,2
GGC,Gly,Trp,0.55,False,True,True,2
GGU,Gly,Ile,0.55,True,False,True,2
GGU,Gly,Met,0.55,False,True,True,2
GGU,Gly,Trp,0.55,False,True,True,2
GGA,Gly,Ile,0.55,True,False,True,2
GGA,Gly,Met,0.55,False,True,True,2
GGA,Gly,Trp,0.55,False,True,True,2
GGG,Gly,Ile,0.55,True,False,True,2
GGG,Gly,Met,0.55,False,True,True,2
