table_id,table_name,aa,n_components,min_inter_distance,reconnect_eps,blocks
1,Standard,Ser,2,4,4,"[['AGC', 'AGU'], ['UCA', 'UCC', 'UCG', 'UCU']]"
2,Vertebrate Mitochondrial,Ser,2,4,4,"[['AGC', 'AGU'], ['UCA', 'UCC', 'UCG', 'UCU']]"
3,Yeast Mitochondrial,Ser,2,4,4,"[['AGC', 'AGU'], ['UCA', 'UCC', 'UCG', 'UCU']]"
3,Yeast Mitochondrial,Thr,2,2,2,"[['ACA', 'ACC', 'ACG', 'ACU'], ['CUA', 'CUC', 'CUG', 'CUU']]"
4,Mold/Protozoan/Coelenterate Mito,Ser,2,4,4,"[['AGC', 'AGU'], ['UCA', 'UCC', 'UCG', 'UCU']]"
5,Invertebrate Mitochondrial,Ser,2,4,4,"[['AGA', 'AGC', 'AGG', 'AGU'], ['UCA', 'UCC', 'UCG', 'UCU']]"
6,Ciliate Nuclear,Ser,2,4,4,"[['AGC', 'AGU'], ['UCA', 'UCC', 'UCG', 'UCU']]"
9,Echinoderm/Flatworm Mito,Ser,2,4,4,"[['AGA', 'AGC', 'AGG', 'AGU'], ['UCA', 'UCC', 'UCG', 'UCU']]"
10,Euplotid Nuclear,Ser,2,4,4,"[['AGC', 'AGU'], ['UCA', 'UCC', 'UCG', 'UCU']]"
11,Bacterial/Archaeal/Plant Plastid,Ser,2,4,4,"[['AGC', 'AGU'], ['UCA', 'UCC', 'UCG', 'UCU']]"
12,Alternative Yeast Nuclear,Ser,3,2,3,"[['AGC', 'AGU'], ['CUG'], ['UCA', 'UCC', 'UCG', 'UCU']]"
13,Ascidian Mitochondrial,Ser,2,4,4,"[['AGC', 'AGU'], ['UCA', 'UCC', 'UCG', 'UCU']]"
14,Alternative Flatworm Mito,Ser,2,4,4,"[['AGA', 'AGC', 'AGG', 'AGU'], ['UCA', 'UCC', 'UCG', 'UCU']]"
15,Blepharisma Macronuclear,Ser,2,4,4,"[['AGC', 'AGU'], ['UCA', 'UCC', 'UCG', 'UCU']]"
16,Chlorophycean Mito,Leu,2,2,2,"[['CUA', 'CUC', 'CUG', 'CUU', 'UUA', 'UUG'], ['UAG']]"
16,Chlorophycean Mito,Ser,2,4,4,"[['AGC', 'AGU'], ['UCA', 'UCC', 'UCG', 'UCU']]"
21,Trematode Mitochondrial,Ser,2,4,4,"[['AGA', 'AGC', 'AGG', 'AGU'], ['UCA', 'UCC', 'UCG', 'UCU']]"
22,Scenedesmus obliquus Mito,Leu,2,2,2,"[['CUA', 'CUC', 'CUG', 'CUU', 'UUA', 'UUG'], ['UAG']]"
22,Scenedesmus obliquus Mito,Ser,2,4,4,"[['AGC', 'AGU'], ['UCC', 'UCG', 'UCU']]"
23,Thraustochytrium Mito,Ser,2,4,4,"[['AGC', 'AGU'], ['UCA', 'UCC', 'UCG', 'UCU']]"
24,Rhabdopleuridae Mito,Ser,2,4,4,"[['AGA', 'AGC', 'AGU'], ['UCA', 'UCC', 'UCG', 'UCU']]"
25,Candidate Division SR1 / Gracilibacteria,Ser,2,4,4,"[['AGC', 'AGU'], ['UCA', 'UCC', 'UCG', 'UCU']]"
26,Pachysolen tannophilus Nuclear,Ala,2,3,3,"[['CUG'], ['GCA', 'GCC', 'GCG', 'GCU']]"
26,Pachysolen tannophilus Nuclear,Ser,2,4,4,"[['AGC', 'AGU'], ['UCA', 'UCC', 'UCG', 'UCU']]"
27,Karyorelictea Nuclear,Ser,2,4,4,"[['AGC', 'AGU'], ['UCA', 'UCC', 'UCG', 'UCU']]"
29,Mesodinium Nuclear,Ser,2,4,4,"[['AGC', 'AGU'], ['UCA', 'UCC', 'UCG', 'UCU']]"
30,Peritrich Nuclear,Ser,2,4,4,"[['AGC', 'AGU'], ['UCA', 'UCC', 'UCG', 'UCU']]"
31,Blastocrithidia Nuclear,Ser,2,4,4,"[['AGC', 'AGU'], ['UCA', 'UCC', 'UCG', 'UCU']]"
33,Cephalodiscidae Mito,Ser,2,4,4,"[['AGA', 'AGC', 'AGU'], ['UCA', 'UCC', 'UCG', 'UCU']]"
