Model,Table_ID,Step,Codon,Target_AA,Rank,N_candidates,Percentile
M3_phys_topo,2,0,AGA,Stop,654,1280,48.9
M3_phys_topo,2,1,AGG,Stop,309,1280,75.9
M3_phys_topo,2,2,AUA,Met,79,1280,93.8
M3_phys_topo,2,3,UGA,Trp,22,1280,98.3
M3_phys_topo,3,0,AUA,Met,71,1280,94.5
M3_phys_topo,3,1,CUU,Thr,875,1280,31.6
M3_phys_topo,3,2,CUC,Thr,150,1280,88.3
M3_phys_topo,3,3,CUA,Thr,149,1280,88.4
M3_phys_topo,3,4,CUG,Thr,32,1280,97.5
M3_phys_topo,3,5,UGA,Trp,12,1280,99.1
M3_phys_topo,4,0,UGA,Trp,12,1280,99.1
M3_phys_topo,5,0,AGA,Ser,204,1280,84.1
M3_phys_topo,5,1,AGG,Ser,51,1280,96.0
M3_phys_topo,5,2,AUA,Met,70,1280,94.5
M3_phys_topo,5,3,UGA,Trp,12,1280,99.1
M3_phys_topo,6,0,UAA,Gln,17,1280,98.7
M3_phys_topo,6,1,UAG,Gln,1,1280,99.9
M3_phys_topo,9,0,AAA,Asn,100,1280,92.2
M3_phys_topo,9,1,AGA,Ser,116,1280,90.9
M3_phys_topo,9,2,AGG,Ser,50,1280,96.1
M3_phys_topo,9,3,UGA,Trp,12,1280,99.1
M3_phys_topo,10,0,UGA,Cys,32,1280,97.5
M3_phys_topo,12,0,CUG,Ser,1198,1280,6.4
M3_phys_topo,13,0,AGA,Gly,214,1280,83.3
M3_phys_topo,13,1,AGG,Gly,51,1280,96.0
M3_phys_topo,13,2,AUA,Met,67,1280,94.8
M3_phys_topo,13,3,UGA,Trp,12,1280,99.1
M3_phys_topo,14,0,AAA,Asn,100,1280,92.2
M3_phys_topo,14,1,AGA,Ser,116,1280,90.9
M3_phys_topo,14,2,AGG,Ser,50,1280,96.1
M3_phys_topo,14,3,UAA,Tyr,40,1280,96.9
M3_phys_topo,14,4,UGA,Trp,8,1280,99.4
M3_phys_topo,15,0,UAG,Gln,1,1280,99.9
M3_phys_topo,16,0,UAG,Leu,271,1280,78.8
M3_phys_topo,21,0,AAA,Asn,100,1280,92.2
M3_phys_topo,21,1,AGA,Ser,116,1280,90.9
M3_phys_topo,21,2,AGG,Ser,50,1280,96.1
M3_phys_topo,21,3,AUA,Met,67,1280,94.8
M3_phys_topo,21,4,UGA,Trp,12,1280,99.1
M3_phys_topo,22,0,UAG,Leu,271,1280,78.8
M3_phys_topo,22,1,UCA,Stop,312,1280,75.6
M3_phys_topo,23,0,UUA,Stop,345,1280,73.0
M3_phys_topo,23,1,UGA,Trp,136,1280,89.4
M3_phys_topo,24,0,AGA,Ser,204,1280,84.1
M3_phys_topo,24,1,AGG,Lys,105,1280,91.8
M3_phys_topo,24,2,UGA,Trp,12,1280,99.1
M3_phys_topo,25,0,UGA,Gly,16,1280,98.8
M3_phys_topo,26,0,CUG,Ala,965,1280,24.6
M3_phys_topo,27,0,UAA,Gln,17,1280,98.7
M3_phys_topo,27,1,UAG,Gln,1,1280,99.9
M3_phys_topo,27,2,UGA,Trp,4,1280,99.7
M3_phys_topo,28,0,UAA,Gln,17,1280,98.7
M3_phys_topo,28,1,UAG,Gln,1,1280,99.9
M3_phys_topo,28,2,UGA,Trp,4,1280,99.7
M3_phys_topo,29,0,UAA,Tyr,37,1280,97.1
M3_phys_topo,29,1,UAG,Tyr,1,1280,99.9
M3_phys_topo,30,0,UAA,Glu,18,1280,98.6
M3_phys_topo,30,1,UAG,Glu,2,1280,99.8
M3_phys_topo,31,0,UGA,Trp,12,1280,99.1
M3_phys_topo,31,1,UAG,Glu,4,1280,99.7
M3_phys_topo,31,2,UAA,Glu,2,1280,99.8
M3_phys_topo,32,0,UAG,Trp,9,1280,99.3
M3_phys_topo,33,0,AGA,Ser,204,1280,84.1
M3_phys_topo,33,1,AGG,Lys,105,1280,91.8
M3_phys_topo,33,2,UAA,Tyr,42,1280,96.7
M3_phys_topo,33,3,UGA,Trp,8,1280,99.4
